timepoint,substitution,weight
2003-04-01,HA1:H156Q,1.141
2003-04-01,HA1:I25L,0.3926
2003-04-01,HA1:L25I,0.8087
2003-04-01,HA1:R50G,0.3885
2003-04-01,HA2:E57G,1.536
2003-10-01,HA1:G186V,0.0352
2003-10-01,HA1:H156Q,0.7896
2003-10-01,HA1:I194L,1.8409
2003-10-01,HA1:I25L,0.6879
2003-10-01,HA1:R50G,0.2205
2003-10-01,HA1:V226I,0.3267
2003-10-01,HA2:E57G,1.7016
2003-10-01,HA2:V201A,0.3169
2004-04-01,HA1:D126N,0.1597
2004-04-01,HA1:D144N,1.5325
2004-04-01,HA1:F159Y,1.0389
2004-04-01,HA1:H156Q,0.4007
2004-04-01,HA1:I194L,1.9818
2004-04-01,HA1:I248T,0.6638
2004-04-01,HA1:I25L,1.0685
2004-04-01,HA1:N189S,0.5851
2004-04-01,HA1:R50G,0.3813
2004-04-01,HA1:S193N,0.0936
2004-04-01,HA1:S219Y,0.069
2004-04-01,HA2:D218N,0.3743
2004-04-01,HA2:E57G,0.5704
2004-10-01,HA1:D126N,0.2716
2004-10-01,HA1:D144N,1.569
2004-10-01,HA1:F159Y,1.2912
2004-10-01,HA1:H156Q,0.1399
2004-10-01,HA1:I194L,1.869
2004-10-01,HA1:I248T,0.8577
2004-10-01,HA1:I25L,1.1559
2004-10-01,HA1:K145N,0.5296
2004-10-01,HA1:M242I,0.8418
2004-10-01,HA1:N145K,0.3227
2004-10-01,HA1:N189S,0.3972
2004-10-01,HA1:P199S,0.1223
2004-10-01,HA1:R50G,0.3478
2004-10-01,HA1:S157L,2.3738
2004-10-01,HA1:S219Y,0.0126
2004-10-01,HA1:S227P,0.1613
2004-10-01,HA1:V226I,0.3869
2004-10-01,HA2:D218N,0.1856
2004-10-01,HA2:E155G,1.7071
2004-10-01,HA2:E57G,0.4316
2004-10-01,HA2:F9H,0.6352
2004-10-01,HA2:I32T,0.0002
2004-10-01,HA2:K54R,0.6729
2004-10-01,HA2:S9F,0.1405
2004-10-01,HA2:V201A,0.0811
2005-04-01,HA1:D126N,0.2634
2005-04-01,HA1:D144N,1.5469
2005-04-01,HA1:D188N,0.3538
2005-04-01,HA1:F159Y,1.6116
2005-04-01,HA1:G186V,0.0167
2005-04-01,HA1:H156Q,0.2772
2005-04-01,HA1:H94Y,0.1941
2005-04-01,HA1:I112V,0.0177
2005-04-01,HA1:I142R,1.9429
2005-04-01,HA1:I194L,1.6336
2005-04-01,HA1:I248T,1.0974
2005-04-01,HA1:I25L,1.2135
2005-04-01,HA1:K145N,0.7452
2005-04-01,HA1:M242I,0.7299
2005-04-01,HA1:N131T,0.499
2005-04-01,HA1:N145K,0.0967
2005-04-01,HA1:N189S,0.0876
2005-04-01,HA1:N34I,0.3916
2005-04-01,HA1:P199S,0.1234
2005-04-01,HA1:Q145N,1.0344
2005-04-01,HA1:R193S,1.189
2005-04-01,HA1:R50G,0.2964
2005-04-01,HA1:S157L,2.7794
2005-04-01,HA1:S219Y,0.0419
2005-04-01,HA1:S227P,0.1921
2005-04-01,HA1:T196A,0.1964
2005-04-01,HA1:V20I,0.0398
2005-04-01,HA1:V226I,0.3138
2005-04-01,HA1:Y189N,0.5931
2005-04-01,HA2:D218N,0.1441
2005-04-01,HA2:E155G,1.9312
2005-04-01,HA2:E57G,0.5274
2005-04-01,HA2:G209A,0.2487
2005-04-01,HA2:S9F,0.011
2005-04-01,HA2:T32I,0.1513
2005-10-01,HA1:D126N,0.3194
2005-10-01,HA1:D144N,1.5265
2005-10-01,HA1:D188N,0.2875
2005-10-01,HA1:D225N,0.6642
2005-10-01,HA1:F159Y,1.4527
2005-10-01,HA1:F193S,0.0765
2005-10-01,HA1:G186V,0.1008
2005-10-01,HA1:H156Q,0.2865
2005-10-01,HA1:H94Y,0.1663
2005-10-01,HA1:I112V,0.4306
2005-10-01,HA1:I142R,1.7301
2005-10-01,HA1:I194L,0.789
2005-10-01,HA1:I248T,1.0023
2005-10-01,HA1:I25L,1.0519
2005-10-01,HA1:K145N,0.5782
2005-10-01,HA1:K160R,0.4377
2005-10-01,HA1:K278N,0.2048
2005-10-01,HA1:L25I,0.1237
2005-10-01,HA1:M242I,0.6801
2005-10-01,HA1:N131T,0.3159
2005-10-01,HA1:N145K,0.171
2005-10-01,HA1:N189S,0.2466
2005-10-01,HA1:N225D,1.8499
2005-10-01,HA1:N278K,0.3329
2005-10-01,HA1:N34I,0.1617
2005-10-01,HA1:P199S,0.0629
2005-10-01,HA1:Q145N,0.7096
2005-10-01,HA1:R158K,1.9995
2005-10-01,HA1:R193S,0.7217
2005-10-01,HA1:R50G,0.0592
2005-10-01,HA1:S157L,2.6228
2005-10-01,HA1:S219Y,0.0004
2005-10-01,HA1:S227P,0.0861
2005-10-01,HA1:V20I,0.2705
2005-10-01,HA1:V226I,0.3505
2005-10-01,HA1:Y189N,0.4834
2005-10-01,HA2:E150G,0.0554
2005-10-01,HA2:E155G,1.8516
2005-10-01,HA2:E57G,0.33
2005-10-01,HA2:G8V,0.0559
2005-10-01,HA2:I32T,0.0819
2005-10-01,HA2:T32I,0.1981
2006-04-01,HA1:A138S,0.0312
2006-04-01,HA1:D126N,0.2705
2006-04-01,HA1:D144N,1.2463
2006-04-01,HA1:D188N,0.0985
2006-04-01,HA1:D225N,0.2367
2006-04-01,HA1:D78G,0.5829
2006-04-01,HA1:F159Y,1.4679
2006-04-01,HA1:F193R,0.0857
2006-04-01,HA1:G186V,0.1407
2006-04-01,HA1:G50E,0.7365
2006-04-01,HA1:H156Q,0.2577
2006-04-01,HA1:H94Y,0.0636
2006-04-01,HA1:I112V,0.4169
2006-04-01,HA1:I142R,1.6298
2006-04-01,HA1:I194L,0.7449
2006-04-01,HA1:I248T,0.965
2006-04-01,HA1:I25L,1.0914
2006-04-01,HA1:K145N,0.5676
2006-04-01,HA1:K278N,0.1532
2006-04-01,HA1:L15I,0.0341
2006-04-01,HA1:L25I,0.055
2006-04-01,HA1:M242I,0.6179
2006-04-01,HA1:N131T,0.2161
2006-04-01,HA1:N145K,0.1219
2006-04-01,HA1:N189S,0.2956
2006-04-01,HA1:N225D,1.5264
2006-04-01,HA1:N278K,0.2019
2006-04-01,HA1:N34I,0.0819
2006-04-01,HA1:N53D,0.9105
2006-04-01,HA1:Q145N,0.7851
2006-04-01,HA1:R158K,2.1743
2006-04-01,HA1:R193F,0.0836
2006-04-01,HA1:R193S,0.5873
2006-04-01,HA1:S145N,0.096
2006-04-01,HA1:S157L,2.6955
2006-04-01,HA1:S193N,0.0072
2006-04-01,HA1:S227P,0.0577
2006-04-01,HA1:V20I,0.5303
2006-04-01,HA1:V226I,0.4186
2006-04-01,HA1:Y189N,0.4154
2006-04-01,HA2:D218N,0.2152
2006-04-01,HA2:E150G,0.0377
2006-04-01,HA2:E155G,1.889
2006-04-01,HA2:I32T,0.215
2006-04-01,HA2:T32I,0.0889
2006-04-01,HA2:T87I,1.1515
2006-04-01,HA2:V201A,0.7515
2006-04-01,SigPep:V14A,0.1515
2006-10-01,HA1:A138S,0.0661
2006-10-01,HA1:D126N,0.2101
2006-10-01,HA1:D144N,1.5507
2006-10-01,HA1:D188N,0.0429
2006-10-01,HA1:D225N,0.4319
2006-10-01,HA1:D78G,0.5778
2006-10-01,HA1:F159Y,0.7728
2006-10-01,HA1:F193R,0.1547
2006-10-01,HA1:G186V,0.2021
2006-10-01,HA1:G50E,0.6414
2006-10-01,HA1:H156Q,0.4197
2006-10-01,HA1:H94Y,0.1671
2006-10-01,HA1:I112V,0.4649
2006-10-01,HA1:I142R,1.6064
2006-10-01,HA1:I194L,0.6959
2006-10-01,HA1:I248T,0.5768
2006-10-01,HA1:I25L,0.9501
2006-10-01,HA1:K145N,0.3783
2006-10-01,HA1:K269R,0.1301
2006-10-01,HA1:K278N,0.2939
2006-10-01,HA1:L157S,0.0501
2006-10-01,HA1:L15I,0.1356
2006-10-01,HA1:L1Q,0.1851
2006-10-01,HA1:L25I,0.1367
2006-10-01,HA1:M242I,0.6983
2006-10-01,HA1:N131T,0.2033
2006-10-01,HA1:N145K,0.7574
2006-10-01,HA1:N189S,0.6749
2006-10-01,HA1:N225D,1.3396
2006-10-01,HA1:N278K,0.1425
2006-10-01,HA1:N34I,0.0341
2006-10-01,HA1:N53D,0.8731
2006-10-01,HA1:P199S,0.071
2006-10-01,HA1:Q145N,0.0699
2006-10-01,HA1:R158K,2.1883
2006-10-01,HA1:R193S,0.5698
2006-10-01,HA1:R50G,0.0004
2006-10-01,HA1:S157L,0.333
2006-10-01,HA1:S159F,1.6749
2006-10-01,HA1:S227P,0.2582
2006-10-01,HA1:T326K,0.0631
2006-10-01,HA1:V20I,0.6067
2006-10-01,HA1:V226I,0.3167
2006-10-01,HA1:Y159F,0.0118
2006-10-01,HA1:Y189N,0.2101
2006-10-01,HA2:D218N,0.1879
2006-10-01,HA2:E150G,0.0005
2006-10-01,HA2:E155G,2.0478
2006-10-01,HA2:E57G,0.0006
2006-10-01,HA2:F9H,0.0784
2006-10-01,HA2:G8V,0.048
2006-10-01,HA2:T32I,0.2491
2006-10-01,HA2:V201A,0.2964
2006-10-01,SigPep:A14V,0.0849
2006-10-01,SigPep:V14A,1.0753
2007-04-01,HA1:A138S,0.043
2007-04-01,HA1:D126N,0.2162
2007-04-01,HA1:D144N,1.6376
2007-04-01,HA1:D188N,0.2124
2007-04-01,HA1:D225N,0.4092
2007-04-01,HA1:D78G,0.5865
2007-04-01,HA1:F159Y,0.7876
2007-04-01,HA1:F193R,0.2233
2007-04-01,HA1:G186V,0.2175
2007-04-01,HA1:G50E,0.5146
2007-04-01,HA1:H156Q,0.7157
2007-04-01,HA1:H94Y,0.3172
2007-04-01,HA1:I112V,0.3631
2007-04-01,HA1:I140K,0.9872
2007-04-01,HA1:I142R,1.5835
2007-04-01,HA1:I194L,0.5204
2007-04-01,HA1:I248T,0.5431
2007-04-01,HA1:I25L,0.422
2007-04-01,HA1:K145N,0.4387
2007-04-01,HA1:K160R,0.072
2007-04-01,HA1:K269R,0.1335
2007-04-01,HA1:K278N,0.3747
2007-04-01,HA1:L157S,0.3176
2007-04-01,HA1:L15I,0.1232
2007-04-01,HA1:L1Q,0.1243
2007-04-01,HA1:L242I,0.4978
2007-04-01,HA1:L25I,0.2164
2007-04-01,HA1:M242I,0.7386
2007-04-01,HA1:N131T,0.1845
2007-04-01,HA1:N145K,0.6497
2007-04-01,HA1:N189S,0.6765
2007-04-01,HA1:N225D,1.3369
2007-04-01,HA1:N278K,0.1292
2007-04-01,HA1:N34I,0.056
2007-04-01,HA1:N53D,0.9144
2007-04-01,HA1:P199S,0.0301
2007-04-01,HA1:Q145N,0.3014
2007-04-01,HA1:R158K,2.3037
2007-04-01,HA1:R193F,0.1299
2007-04-01,HA1:R193S,0.5884
2007-04-01,HA1:S145N,0.0241
2007-04-01,HA1:S157L,0.4468
2007-04-01,HA1:S159F,1.6057
2007-04-01,HA1:S193N,0.0007
2007-04-01,HA1:S227P,0.0619
2007-04-01,HA1:V20I,0.4997
2007-04-01,HA1:V226I,0.328
2007-04-01,HA1:Y159F,0.1134
2007-04-01,HA1:Y189N,0.1243
2007-04-01,HA2:A201V,0.0567
2007-04-01,HA2:D218N,0.1892
2007-04-01,HA2:E155G,1.2713
2007-04-01,HA2:I32T,0.0373
2007-04-01,HA2:K121R,0.1886
2007-04-01,HA2:M18V,0.0041
2007-04-01,HA2:R121K,0.1076
2007-04-01,HA2:T32I,0.1113
2007-04-01,HA2:V201A,0.2883
2007-04-01,SigPep:R2K,0.4177
2007-04-01,SigPep:V14A,0.6389
2007-10-01,HA1:A138S,0.0287
2007-10-01,HA1:D126N,0.3035
2007-10-01,HA1:D144N,1.5025
2007-10-01,HA1:D188N,0.2149
2007-10-01,HA1:D225N,0.3553
2007-10-01,HA1:D78G,0.5567
2007-10-01,HA1:F159Y,0.7975
2007-10-01,HA1:F193R,0.228
2007-10-01,HA1:G186V,0.1421
2007-10-01,HA1:G50E,0.5958
2007-10-01,HA1:H156Q,0.199
2007-10-01,HA1:H94Y,0.3139
2007-10-01,HA1:I112V,0.3812
2007-10-01,HA1:I140K,0.9466
2007-10-01,HA1:I142R,1.5772
2007-10-01,HA1:I194L,0.6143
2007-10-01,HA1:I248T,0.5416
2007-10-01,HA1:I25L,0.9353
2007-10-01,HA1:K145N,0.3766
2007-10-01,HA1:K165N,0.0126
2007-10-01,HA1:K269R,0.1955
2007-10-01,HA1:K278N,0.3604
2007-10-01,HA1:L157S,0.4089
2007-10-01,HA1:L15I,0.1368
2007-10-01,HA1:L1Q,0.176
2007-10-01,HA1:L242I,0.4892
2007-10-01,HA1:L25I,0.1818
2007-10-01,HA1:M242I,0.7604
2007-10-01,HA1:N131T,0.179
2007-10-01,HA1:N145K,0.6214
2007-10-01,HA1:N189S,0.7036
2007-10-01,HA1:N225D,1.3432
2007-10-01,HA1:N278K,0.1386
2007-10-01,HA1:N34I,0.0389
2007-10-01,HA1:N53D,0.9829
2007-10-01,HA1:N6I,0.163
2007-10-01,HA1:Q145N,0.2674
2007-10-01,HA1:R158K,2.3229
2007-10-01,HA1:R193F,0.038
2007-10-01,HA1:R193S,0.5126
2007-10-01,HA1:S145N,0.0107
2007-10-01,HA1:S157L,0.3674
2007-10-01,HA1:S159F,1.6494
2007-10-01,HA1:S193N,0.0415
2007-10-01,HA1:S227P,0.0401
2007-10-01,HA1:V20I,0.5018
2007-10-01,HA1:V226I,0.404
2007-10-01,HA1:Y159F,0.1098
2007-10-01,HA1:Y189N,0.1178
2007-10-01,HA2:E155G,1.2966
2007-10-01,HA2:I32T,0.0799
2007-10-01,HA2:K121R,0.2489
2007-10-01,HA2:R121K,0.0625
2007-10-01,HA2:T32I,0.1158
2007-10-01,HA2:V201A,0.291
2007-10-01,SigPep:R2K,0.4247
2007-10-01,SigPep:V14A,1.2996
2008-04-01,HA1:A138S,0.0375
2008-04-01,HA1:D126N,0.2128
2008-04-01,HA1:D144N,1.2563
2008-04-01,HA1:D188N,0.2152
2008-04-01,HA1:D225N,0.3824
2008-04-01,HA1:D78G,0.5723
2008-04-01,HA1:F159Y,0.891
2008-04-01,HA1:F193R,0.2314
2008-04-01,HA1:G186V,0.2217
2008-04-01,HA1:G50E,0.6208
2008-04-01,HA1:H156Q,0.243
2008-04-01,HA1:H94Y,0.2841
2008-04-01,HA1:I112V,0.3745
2008-04-01,HA1:I140K,1.2871
2008-04-01,HA1:I142R,1.582
2008-04-01,HA1:I248T,0.6848
2008-04-01,HA1:K145N,0.4009
2008-04-01,HA1:K269R,0.1606
2008-04-01,HA1:K278N,0.3401
2008-04-01,HA1:L157S,0.3692
2008-04-01,HA1:L15I,0.1341
2008-04-01,HA1:L1Q,0.1594
2008-04-01,HA1:L242I,0.2987
2008-04-01,HA1:M242I,0.7969
2008-04-01,HA1:N145K,0.5816
2008-04-01,HA1:N189S,0.596
2008-04-01,HA1:N225D,1.3189
2008-04-01,HA1:N278K,0.1532
2008-04-01,HA1:N34I,0.0481
2008-04-01,HA1:N53D,0.9211
2008-04-01,HA1:N6I,0.3889
2008-04-01,HA1:Q145N,0.3381
2008-04-01,HA1:R158K,2.5798
2008-04-01,HA1:R193F,0.0652
2008-04-01,HA1:R193S,0.5253
2008-04-01,HA1:S145N,0.0062
2008-04-01,HA1:S157L,0.4008
2008-04-01,HA1:S159F,1.5969
2008-04-01,HA1:S227P,0.1172
2008-04-01,HA1:V20I,0.5031
2008-04-01,HA1:V226I,0.4855
2008-04-01,HA1:Y159F,0.1363
2008-04-01,HA1:Y189N,0.1875
2008-04-01,HA2:E155G,1.2797
2008-04-01,HA2:I32T,0.0823
2008-04-01,HA2:I87T,0.0692
2008-04-01,HA2:K121R,0.193
2008-04-01,HA2:T32I,0.0433
2008-04-01,HA2:T87I,1.2402
2008-04-01,HA2:V201A,0.3332
2008-04-01,SigPep:R2K,0.2546
2008-04-01,SigPep:T10I,0.1802
2008-10-01,HA1:A138S,0.0335
2008-10-01,HA1:D126N,0.2798
2008-10-01,HA1:D144N,1.085
2008-10-01,HA1:D188N,0.2202
2008-10-01,HA1:D225N,0.4007
2008-10-01,HA1:D78G,0.6067
2008-10-01,HA1:F159Y,0.9957
2008-10-01,HA1:F193R,0.2365
2008-10-01,HA1:G186V,0.2098
2008-10-01,HA1:G50E,0.6578
2008-10-01,HA1:H156Q,0.1757
2008-10-01,HA1:H94Y,0.2664
2008-10-01,HA1:I112V,0.3688
2008-10-01,HA1:I140K,1.5353
2008-10-01,HA1:I142R,1.6084
2008-10-01,HA1:I248T,0.7409
2008-10-01,HA1:K145N,0.3859
2008-10-01,HA1:K173E,0.0201
2008-10-01,HA1:K269R,0.1524
2008-10-01,HA1:K278N,0.3647
2008-10-01,HA1:L15I,0.0974
2008-10-01,HA1:L242I,0.4685
2008-10-01,HA1:M242I,0.7707
2008-10-01,HA1:N145K,0.5457
2008-10-01,HA1:N189S,0.6039
2008-10-01,HA1:N225D,1.3052
2008-10-01,HA1:N278K,0.1402
2008-10-01,HA1:N34I,0.0795
2008-10-01,HA1:N53D,0.9074
2008-10-01,HA1:N6I,0.5091
2008-10-01,HA1:Q145N,0.3163
2008-10-01,HA1:R158K,2.4475
2008-10-01,HA1:R193F,0.0164
2008-10-01,HA1:R193S,0.4968
2008-10-01,HA1:S145N,0.0271
2008-10-01,HA1:S157L,0.6735
2008-10-01,HA1:S159F,1.432
2008-10-01,HA1:S193N,0.0522
2008-10-01,HA1:S227P,0.039
2008-10-01,HA1:V20I,0.483
2008-10-01,HA1:V226I,0.4327
2008-10-01,HA1:Y159F,0.0823
2008-10-01,HA1:Y189N,0.1847
2008-10-01,HA2:E150G,0.0498
2008-10-01,HA2:E155G,1.2393
2008-10-01,HA2:I200V,0.7388
2008-10-01,HA2:R121K,0.151
2008-10-01,HA2:T32I,0.1839
2008-10-01,HA2:V201A,0.3701
2008-10-01,HA2:V84A,1.1137
2008-10-01,SigPep:A14V,0.1058
2008-10-01,SigPep:R2K,0.2234
2008-10-01,SigPep:T10I,0.2052
2008-10-01,SigPep:V14A,1.287
2009-04-01,HA1:A138S,0.0183
2009-04-01,HA1:D126N,0.1913
2009-04-01,HA1:D188N,0.2596
2009-04-01,HA1:D225N,0.3265
2009-04-01,HA1:D78G,0.4955
2009-04-01,HA1:F159Y,0.8685
2009-04-01,HA1:F193R,0.1997
2009-04-01,HA1:G186V,0.1448
2009-04-01,HA1:G50E,0.6663
2009-04-01,HA1:H156Q,0.6179
2009-04-01,HA1:H94Y,0.3128
2009-04-01,HA1:I112V,0.3816
2009-04-01,HA1:I140K,1.4189
2009-04-01,HA1:I142R,1.5306
2009-04-01,HA1:K145N,0.8343
2009-04-01,HA1:K269R,0.1654
2009-04-01,HA1:K278N,0.2708
2009-04-01,HA1:L157S,0.027
2009-04-01,HA1:L15I,0.1384
2009-04-01,HA1:L242I,0.4125
2009-04-01,HA1:M242I,0.806
2009-04-01,HA1:N131T,0.1171
2009-04-01,HA1:N145K,0.5711
2009-04-01,HA1:N189S,0.7129
2009-04-01,HA1:N225D,1.4245
2009-04-01,HA1:N34I,0.0022
2009-04-01,HA1:N53D,0.8577
2009-04-01,HA1:N6I,0.5829
2009-04-01,HA1:Q145N,0.1274
2009-04-01,HA1:R193S,0.2567
2009-04-01,HA1:S145N,0.0002
2009-04-01,HA1:S157L,0.5541
2009-04-01,HA1:S159F,1.2808
2009-04-01,HA1:S216N,0.2795
2009-04-01,HA1:S227P,0.089
2009-04-01,HA1:V20I,0.4963
2009-04-01,HA1:V226I,0.0637
2009-04-01,HA1:Y159F,0.0009
2009-04-01,HA1:Y189N,0.1841
2009-04-01,HA2:A209G,0.4773
2009-04-01,HA2:E155G,1.1267
2009-04-01,HA2:F9H,0.0085
2009-04-01,HA2:G8V,0.171
2009-04-01,HA2:K121R,0.0405
2009-04-01,HA2:T32I,0.2066
2009-04-01,HA2:T87I,1.0098
2009-04-01,HA2:V201A,0.3475
2009-04-01,HA2:V84A,1.7045
2009-04-01,SigPep:R2K,0.1612
2009-10-01,HA1:A138S,0.0341
2009-10-01,HA1:D126N,0.2391
2009-10-01,HA1:D188N,0.2765
2009-10-01,HA1:D225N,0.3787
2009-10-01,HA1:D78G,0.5443
2009-10-01,HA1:F159Y,0.957
2009-10-01,HA1:F193R,0.232
2009-10-01,HA1:G186V,0.2508
2009-10-01,HA1:G50E,0.6855
2009-10-01,HA1:H156Q,0.528
2009-10-01,HA1:H94Y,0.2193
2009-10-01,HA1:I112V,0.4188
2009-10-01,HA1:I140K,1.4316
2009-10-01,HA1:I142R,1.5184
2009-10-01,HA1:K145N,0.3596
2009-10-01,HA1:K158N,0.9733
2009-10-01,HA1:K269R,0.3233
2009-10-01,HA1:K278N,0.2512
2009-10-01,HA1:K62E,0.7543
2009-10-01,HA1:L15I,0.1781
2009-10-01,HA1:L242I,0.3278
2009-10-01,HA1:M242I,0.8175
2009-10-01,HA1:N131T,0.0003
2009-10-01,HA1:N145K,0.5989
2009-10-01,HA1:N158K,2.1142
2009-10-01,HA1:N189S,0.569
2009-10-01,HA1:N225D,1.3491
2009-10-01,HA1:N278K,0.2432
2009-10-01,HA1:N34I,0.0018
2009-10-01,HA1:N53D,0.7498
2009-10-01,HA1:N6I,0.5722
2009-10-01,HA1:R193S,0.2497
2009-10-01,HA1:R261Q,0.493
2009-10-01,HA1:S157L,0.6174
2009-10-01,HA1:S159F,1.6065
2009-10-01,HA1:S227P,0.3324
2009-10-01,HA1:S45N,0.2023
2009-10-01,HA1:V20I,0.4733
2009-10-01,HA1:V226I,0.63
2009-10-01,HA1:Y189N,0.2791
2009-10-01,HA2:E155G,1.0683
2009-10-01,HA2:I32T,0.0756
2009-10-01,HA2:K121R,0.0489
2009-10-01,HA2:T87I,1.0035
2009-10-01,HA2:V201A,0.3948
2009-10-01,HA2:V84A,1.6828
2009-10-01,SigPep:A14V,0.0166
2009-10-01,SigPep:R2K,0.1894
2010-04-01,HA1:A138S,0.0559
2010-04-01,HA1:A212T,0.3221
2010-04-01,HA1:A213V,0.0088
2010-04-01,HA1:D188N,0.2562
2010-04-01,HA1:D225N,0.3522
2010-04-01,HA1:D78G,0.5085
2010-04-01,HA1:E62K,0.526
2010-04-01,HA1:F193R,0.1522
2010-04-01,HA1:G186V,0.2195
2010-04-01,HA1:G50E,0.6589
2010-04-01,HA1:H156Q,0.4467
2010-04-01,HA1:H94Y,0.2207
2010-04-01,HA1:I112V,0.4554
2010-04-01,HA1:I140K,1.3372
2010-04-01,HA1:I142R,1.456
2010-04-01,HA1:I242M,0.7356
2010-04-01,HA1:K158N,0.3524
2010-04-01,HA1:K269R,0.1978
2010-04-01,HA1:K278N,0.1774
2010-04-01,HA1:L15I,0.2334
2010-04-01,HA1:L242I,0.1832
2010-04-01,HA1:N158K,2.94
2010-04-01,HA1:N225D,1.3753
2010-04-01,HA1:N278K,0.2132
2010-04-01,HA1:N53D,0.7171
2010-04-01,HA1:N6I,0.6553
2010-04-01,HA1:R193S,0.3396
2010-04-01,HA1:R261Q,0.7667
2010-04-01,HA1:S157L,0.4403
2010-04-01,HA1:S159F,2.8799
2010-04-01,HA1:S216N,0.0465
2010-04-01,HA1:S312N,0.4859
2010-04-01,HA1:V20I,0.5256
2010-04-01,HA1:Y189N,0.1463
2010-04-01,HA2:E155G,0.8905
2010-04-01,HA2:K121R,0.1228
2010-04-01,HA2:T32I,0.505
2010-04-01,HA2:T87I,0.9953
2010-04-01,HA2:V201A,0.4406
2010-04-01,HA2:V84A,1.685
2010-04-01,SigPep:R2K,0.2079
2010-04-01,SigPep:V14A,0.0488
2010-10-01,HA1:A212T,0.5747
2010-10-01,HA1:D225N,0.5793
2010-10-01,HA1:D78G,0.6594
2010-10-01,HA1:E62K,0.4618
2010-10-01,HA1:F193R,1.1753
2010-10-01,HA1:F193S,1.0119
2010-10-01,HA1:G186V,0.2596
2010-10-01,HA1:G50E,0.5739
2010-10-01,HA1:H156Q,1.2163
2010-10-01,HA1:I112V,0.1515
2010-10-01,HA1:I140K,1.4891
2010-10-01,HA1:K158N,0.8081
2010-10-01,HA1:K208R,0.9887
2010-10-01,HA1:K269R,0.6433
2010-10-01,HA1:K278N,0.0088
2010-10-01,HA1:L15I,0.3742
2010-10-01,HA1:N158K,2.9314
2010-10-01,HA1:N225D,0.1297
2010-10-01,HA1:N278K,0.7262
2010-10-01,HA1:N53D,0.1095
2010-10-01,HA1:N6I,0.2283
2010-10-01,HA1:P199S,0.5524
2010-10-01,HA1:R261Q,0.0046
2010-10-01,HA1:S157L,0.6503
2010-10-01,HA1:S214I,0.3058
2010-10-01,HA1:S216N,0.4766
2010-10-01,HA1:S227P,0.6686
2010-10-01,HA1:S312N,1.0493
2010-10-01,HA1:S45N,1.2568
2010-10-01,HA2:A158D,0.7187
2010-10-01,HA2:K121R,0.0937
2010-10-01,HA2:V201A,0.2891
2010-10-01,HA2:V84A,1.6822
2010-10-01,SigPep:A14V,0.033
2010-10-01,SigPep:R2K,0.1704
2010-10-01,SigPep:V14A,0.1601
2011-04-01,HA1:A212T,0.6774
2011-04-01,HA1:A280T,0.9426
2011-04-01,HA1:D225N,1.0488
2011-04-01,HA1:D78G,0.5246
2011-04-01,HA1:E62K,0.5415
2011-04-01,HA1:G186V,0.6443
2011-04-01,HA1:G50E,0.6897
2011-04-01,HA1:I140K,1.6522
2011-04-01,HA1:I223V,0.5506
2011-04-01,HA1:K158N,0.6965
2011-04-01,HA1:K173E,0.2013
2011-04-01,HA1:K208R,0.0016
2011-04-01,HA1:L242I,0.038
2011-04-01,HA1:N158K,2.9365
2011-04-01,HA1:N225D,0.1194
2011-04-01,HA1:N53D,0.0077
2011-04-01,HA1:N6I,0.2746
2011-04-01,HA1:R160K,0.0756
2011-04-01,HA1:R261Q,0.0103
2011-04-01,HA1:S138A,0.0722
2011-04-01,HA1:S145N,0.4108
2011-04-01,HA1:S157L,0.6398
2011-04-01,HA1:S199A,0.1656
2011-04-01,HA1:S214I,0.1178
2011-04-01,HA1:S312N,0.8346
2011-04-01,HA1:S45N,1.7404
2011-04-01,HA1:V223I,0.1772
2011-04-01,HA2:A158D,0.4526
2011-04-01,HA2:I32T,0.4601
2011-04-01,HA2:I87T,0.261
2011-04-01,HA2:K121R,0.0693
2011-04-01,HA2:N158D,0.2551
2011-04-01,HA2:R121K,0.2161
2011-04-01,HA2:T87I,1.0226
2011-04-01,HA2:V201A,0.1167
2011-04-01,HA2:V84A,1.6262
2011-04-01,SigPep:R2K,0.0901
2011-10-01,HA1:A212T,0.6692
2011-10-01,HA1:A280E,0.1802
2011-10-01,HA1:A280T,0.4635
2011-10-01,HA1:A48T,0.1252
2011-10-01,HA1:D144N,0.0162
2011-10-01,HA1:D190Y,1.8117
2011-10-01,HA1:D225N,0.9697
2011-10-01,HA1:D78G,0.5679
2011-10-01,HA1:E62K,0.3489
2011-10-01,HA1:G50E,0.5577
2011-10-01,HA1:H156Q,1.3001
2011-10-01,HA1:I140K,1.2834
2011-10-01,HA1:I43V,0.2153
2011-10-01,HA1:K158N,0.8944
2011-10-01,HA1:K173E,0.6375
2011-10-01,HA1:K208R,0.0434
2011-10-01,HA1:L51I,0.2386
2011-10-01,HA1:N144D,0.0161
2011-10-01,HA1:N144K,0.0903
2011-10-01,HA1:N158K,2.9617
2011-10-01,HA1:R261Q,0.0135
2011-10-01,HA1:S138A,0.2417
2011-10-01,HA1:S145N,0.7389
2011-10-01,HA1:S157L,0.5285
2011-10-01,HA1:S199A,0.0635
2011-10-01,HA1:S312N,0.4428
2011-10-01,HA2:A158D,0.3088
2011-10-01,HA2:K121R,0.2438
2011-10-01,HA2:N158D,0.2368
2011-10-01,HA2:V201A,0.1229
2011-10-01,HA2:V84A,1.5922
2011-10-01,SigPep:A14V,0.2834
2012-04-01,HA1:A114S,0.5059
2012-04-01,HA1:A212T,0.5765
2012-04-01,HA1:A280E,0.1584
2012-04-01,HA1:A280T,0.3378
2012-04-01,HA1:D121N,0.793
2012-04-01,HA1:D144K,0.398
2012-04-01,HA1:D144N,0.2643
2012-04-01,HA1:D190Y,1.1033
2012-04-01,HA1:D225N,1.2513
2012-04-01,HA1:D53N,0.0584
2012-04-01,HA1:D8N,0.4362
2012-04-01,HA1:E62K,0.3391
2012-04-01,HA1:G142R,0.2654
2012-04-01,HA1:H57Q,0.3389
2012-04-01,HA1:I140K,2.0408
2012-04-01,HA1:I223V,0.0063
2012-04-01,HA1:I3L,0.0093
2012-04-01,HA1:K121N,0.0629
2012-04-01,HA1:K158N,0.6728
2012-04-01,HA1:K278N,0.1007
2012-04-01,HA1:L51I,0.679
2012-04-01,HA1:M10T,0.295
2012-04-01,HA1:M140I,0.0615
2012-04-01,HA1:N104D,0.7056
2012-04-01,HA1:N144D,0.2726
2012-04-01,HA1:N144K,0.1214
2012-04-01,HA1:N158K,2.9477
2012-04-01,HA1:Q33R,0.11
2012-04-01,HA1:R92K,0.5337
2012-04-01,HA1:S138A,0.3268
2012-04-01,HA1:S145N,0.5945
2012-04-01,HA1:S157L,0.0396
2012-04-01,HA1:S198A,0.0855
2012-04-01,HA1:S199A,0.0578
2012-04-01,HA1:S312N,0.1961
2012-04-01,HA1:S78G,0.9759
2012-04-01,HA1:T192I,0.682
2012-04-01,HA1:T48A,0.3333
2012-04-01,HA1:V217I,0.2105
2012-04-01,HA2:A158D,0.2603
2012-04-01,HA2:A201V,0.271
2012-04-01,HA2:E175G,0.5287
2012-04-01,HA2:I200V,0.2309
2012-04-01,HA2:I80L,0.3447
2012-04-01,HA2:N160D,0.3895
2012-04-01,HA2:V201A,0.1357
2012-04-01,HA2:V84A,1.632
2012-04-01,SigPep:A14V,0.3925
2012-04-01,SigPep:H9Y,0.0141
2012-04-01,SigPep:I14V,0.1488
2012-04-01,SigPep:T16A,0.095
2012-10-01,HA1:A114S,0.6599
2012-10-01,HA1:A198P,0.0617
2012-10-01,HA1:A212T,0.1375
2012-10-01,HA1:A280E,0.0812
2012-10-01,HA1:A280T,0.3489
2012-10-01,HA1:A30T,0.3377
2012-10-01,HA1:A48T,0.1655
2012-10-01,HA1:D121N,0.73
2012-10-01,HA1:D144K,0.7302
2012-10-01,HA1:D144N,0.2631
2012-10-01,HA1:D171N,0.3369
2012-10-01,HA1:D190Y,1.0777
2012-10-01,HA1:D225N,0.7181
2012-10-01,HA1:D53N,0.1996
2012-10-01,HA1:D8N,0.7201
2012-10-01,HA1:E62K,0.4504
2012-10-01,HA1:G142R,0.2822
2012-10-01,HA1:G291D,0.8313
2012-10-01,HA1:H57Q,0.4475
2012-10-01,HA1:I223V,0.0352
2012-10-01,HA1:I297V,0.0028
2012-10-01,HA1:I88V,0.211
2012-10-01,HA1:K131T,0.1466
2012-10-01,HA1:K158N,0.3999
2012-10-01,HA1:K208R,0.6001
2012-10-01,HA1:K278N,0.131
2012-10-01,HA1:L221P,0.388
2012-10-01,HA1:L51I,0.7464
2012-10-01,HA1:M10T,0.0503
2012-10-01,HA1:M140I,0.335
2012-10-01,HA1:N104D,0.6664
2012-10-01,HA1:N124S,1.0626
2012-10-01,HA1:N144D,0.2311
2012-10-01,HA1:N144K,0.4442
2012-10-01,HA1:N158K,3.1899
2012-10-01,HA1:Q33R,0.0461
2012-10-01,HA1:R261Q,0.0774
2012-10-01,HA1:R92K,0.0463
2012-10-01,HA1:S138A,0.0345
2012-10-01,HA1:S145N,0.5606
2012-10-01,HA1:S157L,0.278
2012-10-01,HA1:S198A,0.0262
2012-10-01,HA1:S212A,0.2724
2012-10-01,HA1:S312N,0.1492
2012-10-01,HA1:S78G,1.016
2012-10-01,HA1:T192I,0.7624
2012-10-01,HA1:T48A,0.3619
2012-10-01,HA1:V214I,0.0002
2012-10-01,HA1:V217I,0.2273
2012-10-01,HA1:Y122N,0.524
2012-10-01,HA2:A158D,0.2305
2012-10-01,HA2:F29S,0.0925
2012-10-01,HA2:I200V,0.0587
2012-10-01,HA2:I80L,0.4232
2012-10-01,HA2:M18V,0.2792
2012-10-01,HA2:N160D,0.3258
2012-10-01,HA2:R123K,0.0275
2012-10-01,HA2:S116N,0.4776
2012-10-01,HA2:V147A,0.224
2012-10-01,HA2:V201A,0.02
2012-10-01,HA2:V84A,1.7373
2012-10-01,SigPep:A14V,0.0784
2012-10-01,SigPep:H9Y,0.0897
2012-10-01,SigPep:I14V,0.2651
2012-10-01,SigPep:T16A,0.1124
2013-04-01,HA1:A114S,0.6909
2013-04-01,HA1:A128T,0.0024
2013-04-01,HA1:A280E,0.0981
2013-04-01,HA1:A280T,0.374
2013-04-01,HA1:A30T,0.363
2013-04-01,HA1:A48T,0.2276
2013-04-01,HA1:D144K,1.571
2013-04-01,HA1:D144N,0.3132
2013-04-01,HA1:D171N,0.2841
2013-04-01,HA1:D190Y,0.8562
2013-04-01,HA1:D225N,0.5605
2013-04-01,HA1:D53N,0.186
2013-04-01,HA1:D8N,0.7738
2013-04-01,HA1:G142R,0.2701
2013-04-01,HA1:G208R,0.0445
2013-04-01,HA1:G291D,0.8615
2013-04-01,HA1:H57Q,0.3812
2013-04-01,HA1:I223V,0.0126
2013-04-01,HA1:I48T,0.0845
2013-04-01,HA1:I88V,0.1393
2013-04-01,HA1:K131T,0.2083
2013-04-01,HA1:K144D,0.3701
2013-04-01,HA1:K158N,0.3847
2013-04-01,HA1:K208R,0.7622
2013-04-01,HA1:K278N,0.1611
2013-04-01,HA1:K50E,0.0143
2013-04-01,HA1:L221P,0.116
2013-04-01,HA1:L51I,0.7801
2013-04-01,HA1:M140I,0.4774
2013-04-01,HA1:N104D,0.8163
2013-04-01,HA1:N144D,0.1808
2013-04-01,HA1:N144K,1.1836
2013-04-01,HA1:N158K,3.1992
2013-04-01,HA1:N262S,0.011
2013-04-01,HA1:N53D,0.0199
2013-04-01,HA1:R261Q,0.154
2013-04-01,HA1:R292K,0.342
2013-04-01,HA1:R310K,0.1422
2013-04-01,HA1:R92K,0.0944
2013-04-01,HA1:S145N,0.5378
2013-04-01,HA1:S157L,0.3114
2013-04-01,HA1:S198A,0.1524
2013-04-01,HA1:S199A,0.0575
2013-04-01,HA1:S212A,0.3656
2013-04-01,HA1:S312N,0.0283
2013-04-01,HA1:S78G,1.0863
2013-04-01,HA1:T128N,0.0437
2013-04-01,HA1:T192I,0.7562
2013-04-01,HA1:T48A,0.2759
2013-04-01,HA1:V217I,0.2658
2013-04-01,HA1:V58I,0.565
2013-04-01,HA1:Y122N,0.5297
2013-04-01,HA1:Y87F,0.2757
2013-04-01,HA2:A158D,0.282
2013-04-01,HA2:F29S,0.2676
2013-04-01,HA2:I32R,0.1375
2013-04-01,HA2:I80L,0.3654
2013-04-01,HA2:M18V,0.1067
2013-04-01,HA2:N160D,0.2651
2013-04-01,HA2:S116N,0.3581
2013-04-01,HA2:T147A,0.4293
2013-04-01,HA2:V147A,0.2929
2013-04-01,HA2:V18M,0.05
2013-04-01,HA2:V201A,0.1523
2013-04-01,SigPep:A14V,0.0155
2013-04-01,SigPep:H9Y,0.029
2013-04-01,SigPep:I14V,0.1311
2013-04-01,SigPep:R12C,0.0499
2013-10-01,HA1:A114S,0.6445
2013-10-01,HA1:A128N,0.0504
2013-10-01,HA1:A280E,0.076
2013-10-01,HA1:A280T,0.429
2013-10-01,HA1:A30T,0.3515
2013-10-01,HA1:A48T,0.1818
2013-10-01,HA1:D122N,0.4892
2013-10-01,HA1:D144K,1.575
2013-10-01,HA1:D144N,0.3193
2013-10-01,HA1:D171N,0.2782
2013-10-01,HA1:D190Y,0.8012
2013-10-01,HA1:D225N,0.7151
2013-10-01,HA1:D53N,0.19
2013-10-01,HA1:D8N,0.7643
2013-10-01,HA1:G142R,0.2535
2013-10-01,HA1:G291D,0.8055
2013-10-01,HA1:H57Q,0.413
2013-10-01,HA1:I223V,0.0054
2013-10-01,HA1:I48T,0.0858
2013-10-01,HA1:I88V,0.1212
2013-10-01,HA1:K131T,0.2152
2013-10-01,HA1:K144D,0.3503
2013-10-01,HA1:K158N,0.4019
2013-10-01,HA1:K208R,0.6021
2013-10-01,HA1:K269R,0.8251
2013-10-01,HA1:K278N,0.1891
2013-10-01,HA1:K50E,0.0029
2013-10-01,HA1:L221P,0.075
2013-10-01,HA1:L51I,0.7735
2013-10-01,HA1:M140I,0.41
2013-10-01,HA1:N104D,0.8007
2013-10-01,HA1:N144D,0.1687
2013-10-01,HA1:N144K,1.1911
2013-10-01,HA1:N158K,3.1568
2013-10-01,HA1:N262S,0.0283
2013-10-01,HA1:N53D,0.0552
2013-10-01,HA1:R261Q,0.2101
2013-10-01,HA1:R292K,0.3106
2013-10-01,HA1:R310K,0.164
2013-10-01,HA1:R92K,0.1987
2013-10-01,HA1:S145N,0.5433
2013-10-01,HA1:S198A,0.1688
2013-10-01,HA1:S199A,0.0487
2013-10-01,HA1:S212A,0.3614
2013-10-01,HA1:S214I,0.0077
2013-10-01,HA1:S312N,0.0181
2013-10-01,HA1:S78G,0.3934
2013-10-01,HA1:T192I,0.7446
2013-10-01,HA1:T214I,0.2492
2013-10-01,HA1:T48A,0.2783
2013-10-01,HA1:V217I,0.2746
2013-10-01,HA1:V58I,0.405
2013-10-01,HA1:Y122N,0.5206
2013-10-01,HA1:Y87F,0.2445
2013-10-01,HA2:A158D,0.2825
2013-10-01,HA2:F29S,0.2874
2013-10-01,HA2:I32R,0.2738
2013-10-01,HA2:I80L,0.129
2013-10-01,HA2:M18V,0.044
2013-10-01,HA2:N160D,0.4247
2013-10-01,HA2:S116N,0.3704
2013-10-01,HA2:T147A,0.4193
2013-10-01,HA2:V147A,0.284
2013-10-01,HA2:V18M,0.0703
2013-10-01,HA2:V201A,0.155
2013-10-01,SigPep:A14V,0.0002
2013-10-01,SigPep:H9Y,0.109
2013-10-01,SigPep:I14V,0.0919
2013-10-01,SigPep:R12C,0.0716
2014-04-01,HA1:A114S,0.5941
2014-04-01,HA1:A128N,0.1931
2014-04-01,HA1:A138S,0.1561
2014-04-01,HA1:A280E,0.0353
2014-04-01,HA1:A280T,0.4459
2014-04-01,HA1:A30T,0.4096
2014-04-01,HA1:A48T,0.2008
2014-04-01,HA1:D144K,1.5518
2014-04-01,HA1:D144N,0.3056
2014-04-01,HA1:D171N,0.2723
2014-04-01,HA1:D190Y,0.9885
2014-04-01,HA1:D225N,0.8205
2014-04-01,HA1:D53N,0.1149
2014-04-01,HA1:D8N,0.7136
2014-04-01,HA1:G142R,0.1669
2014-04-01,HA1:G208R,0.0002
2014-04-01,HA1:G291D,0.8433
2014-04-01,HA1:H57Q,0.0412
2014-04-01,HA1:I140K,0.0011
2014-04-01,HA1:I223V,0.0085
2014-04-01,HA1:I309V,0.0315
2014-04-01,HA1:I48T,0.1069
2014-04-01,HA1:I88V,0.0808
2014-04-01,HA1:K131T,0.1512
2014-04-01,HA1:K144D,0.3766
2014-04-01,HA1:K158N,0.6708
2014-04-01,HA1:K1Q,0.0587
2014-04-01,HA1:K208R,0.472
2014-04-01,HA1:K278N,0.2258
2014-04-01,HA1:K326R,0.041
2014-04-01,HA1:K50E,0.4185
2014-04-01,HA1:K8N,0.4377
2014-04-01,HA1:L221P,0.074
2014-04-01,HA1:L3I,0.3342
2014-04-01,HA1:L51I,0.7937
2014-04-01,HA1:M140I,0.396
2014-04-01,HA1:N104D,0.7966
2014-04-01,HA1:N144D,0.2127
2014-04-01,HA1:N144K,1.1916
2014-04-01,HA1:N158K,3.0676
2014-04-01,HA1:N262S,0.0103
2014-04-01,HA1:N53D,0.1326
2014-04-01,HA1:Q261R,0.0402
2014-04-01,HA1:R197Q,0.4766
2014-04-01,HA1:R264K,0.2146
2014-04-01,HA1:R27K,0.0671
2014-04-01,HA1:R292K,0.2498
2014-04-01,HA1:R310K,0.1832
2014-04-01,HA1:R326K,0.0006
2014-04-01,HA1:R54S,0.1332
2014-04-01,HA1:R92K,0.2087
2014-04-01,HA1:S144N,0.5155
2014-04-01,HA1:S145N,0.5587
2014-04-01,HA1:S159F,0.6434
2014-04-01,HA1:S198A,0.1763
2014-04-01,HA1:S199A,0.0793
2014-04-01,HA1:S212A,0.1428
2014-04-01,HA1:S214I,0.0593
2014-04-01,HA1:S312N,0.0096
2014-04-01,HA1:S78G,0.306
2014-04-01,HA1:T192I,0.4982
2014-04-01,HA1:T214I,0.0822
2014-04-01,HA1:T48A,0.284
2014-04-01,HA1:V128A,0.1131
2014-04-01,HA1:V217I,0.2497
2014-04-01,HA1:V58I,0.3667
2014-04-01,HA1:Y122N,0.5088
2014-04-01,HA1:Y159F,0.3304
2014-04-01,HA1:Y87F,0.1858
2014-04-01,HA2:A158D,0.3187
2014-04-01,HA2:F29S,0.3265
2014-04-01,HA2:H172Q,0.046
2014-04-01,HA2:K18V,0.1449
2014-04-01,HA2:M18V,0.1553
2014-04-01,HA2:N160D,0.3013
2014-04-01,HA2:S43A,0.1465
2014-04-01,HA2:T147A,0.2117
2014-04-01,HA2:V147A,0.3018
2014-04-01,HA2:V201A,0.2238
2014-04-01,HA2:V89I,0.4174
2014-04-01,SigPep:A14V,0.0003
2014-04-01,SigPep:H9Y,0.0735
2014-04-01,SigPep:R12C,0.0129
2014-04-01,SigPep:T10I,0.0587
2014-10-01,HA1:A114S,0.5586
2014-10-01,HA1:A128N,0.175
2014-10-01,HA1:A280E,0.0212
2014-10-01,HA1:A280T,0.4585
2014-10-01,HA1:A30T,0.4033
2014-10-01,HA1:A48T,0.1905
2014-10-01,HA1:D144K,1.4513
2014-10-01,HA1:D144N,0.2948
2014-10-01,HA1:D171N,0.2856
2014-10-01,HA1:D190Y,0.1133
2014-10-01,HA1:D225N,0.9455
2014-10-01,HA1:D53N,0.1054
2014-10-01,HA1:D8N,0.698
2014-10-01,HA1:E32D,0.3837
2014-10-01,HA1:E62K,0.1752
2014-10-01,HA1:F159S,0.1251
2014-10-01,HA1:F159Y,0.1099
2014-10-01,HA1:G142R,0.1468
2014-10-01,HA1:G208R,0.0005
2014-10-01,HA1:G291D,0.8375
2014-10-01,HA1:H197Q,0.4434
2014-10-01,HA1:I223V,0.0187
2014-10-01,HA1:I48T,0.1134
2014-10-01,HA1:K131T,0.1378
2014-10-01,HA1:K144D,0.3972
2014-10-01,HA1:K1Q,0.0087
2014-10-01,HA1:K208R,0.3393
2014-10-01,HA1:K278N,0.2301
2014-10-01,HA1:K326R,0.0065
2014-10-01,HA1:K50E,0.4322
2014-10-01,HA1:K8N,0.4551
2014-10-01,HA1:L157S,0.7935
2014-10-01,HA1:L221P,0.0651
2014-10-01,HA1:L3I,0.0297
2014-10-01,HA1:L51I,0.8007
2014-10-01,HA1:M140I,0.3907
2014-10-01,HA1:N104D,0.7094
2014-10-01,HA1:N128T,0.0016
2014-10-01,HA1:N144D,0.2328
2014-10-01,HA1:N144K,1.1067
2014-10-01,HA1:N291D,0.7353
2014-10-01,HA1:N53D,0.1444
2014-10-01,HA1:P198A,0.04
2014-10-01,HA1:Q261R,0.0469
2014-10-01,HA1:R197Q,0.474
2014-10-01,HA1:R207K,0.1266
2014-10-01,HA1:R261Q,0.7916
2014-10-01,HA1:R264K,0.1481
2014-10-01,HA1:R27K,0.0732
2014-10-01,HA1:R292K,0.2306
2014-10-01,HA1:R310K,0.1891
2014-10-01,HA1:R54S,0.0937
2014-10-01,HA1:R92K,0.2061
2014-10-01,HA1:S144N,0.0003
2014-10-01,HA1:S145N,0.5577
2014-10-01,HA1:S159F,0.6423
2014-10-01,HA1:S193F,0.6902
2014-10-01,HA1:S198A,0.152
2014-10-01,HA1:S199A,0.0807
2014-10-01,HA1:S212A,0.1143
2014-10-01,HA1:S214I,0.1104
2014-10-01,HA1:S312N,0.0266
2014-10-01,HA1:S78G,0.3223
2014-10-01,HA1:S9N,0.0181
2014-10-01,HA1:T192I,0.4856
2014-10-01,HA1:T214I,0.0111
2014-10-01,HA1:T48A,0.2825
2014-10-01,HA1:V128A,0.0886
2014-10-01,HA1:V217I,0.2552
2014-10-01,HA1:V58I,0.3848
2014-10-01,HA1:Y122N,0.5005
2014-10-01,HA1:Y159F,0.8336
2014-10-01,HA1:Y159S,0.7266
2014-10-01,HA1:Y87F,0.157
2014-10-01,HA2:A158D,0.3539
2014-10-01,HA2:E155G,0.0148
2014-10-01,HA2:F29S,0.3441
2014-10-01,HA2:I80L,0.0214
2014-10-01,HA2:K18V,0.2828
2014-10-01,HA2:M18V,0.133
2014-10-01,HA2:N160D,0.2931
2014-10-01,HA2:N46D,0.1951
2014-10-01,HA2:R174K,0.3838
2014-10-01,HA2:R179K,0.0356
2014-10-01,HA2:S43A,0.0982
2014-10-01,HA2:T147A,0.1792
2014-10-01,HA2:V147A,0.2713
2014-10-01,HA2:V201A,0.2153
2014-10-01,HA2:V89I,0.4098
2014-10-01,SigPep:C15F,0.1881
2014-10-01,SigPep:C9H,0.3508
2014-10-01,SigPep:H9Y,0.0173
2015-04-01,HA1:A114S,0.52595
2015-04-01,HA1:A199S,0.0209
2015-04-01,HA1:A280E,0.0295
2015-04-01,HA1:A280T,0.49069999999999997
2015-04-01,HA1:A30T,0.39525
2015-04-01,HA1:A48T,0.19779999999999998
2015-04-01,HA1:D144K,1.3408
2015-04-01,HA1:D144N,0.25625
2015-04-01,HA1:D171N,0.32915000000000005
2015-04-01,HA1:D190Y,1.02135
2015-04-01,HA1:D225N,0.87615
2015-04-01,HA1:D53N,0.0843
2015-04-01,HA1:D8N,0.6456999999999999
2015-04-01,HA1:E32D,0.38739999999999997
2015-04-01,HA1:E62K,0.13265
2015-04-01,HA1:F159S,0.11865
2015-04-01,HA1:G142K,0.90265
2015-04-01,HA1:G142R,0.1385
2015-04-01,HA1:G291D,0.7555499999999999
2015-04-01,HA1:G62E,0.397
2015-04-01,HA1:H173Q,0.0137
2015-04-01,HA1:H197Q,0.2649
2015-04-01,HA1:H311Q,0.22044999999999998
2015-04-01,HA1:I160K,0.0826
2015-04-01,HA1:I223V,0.0005
2015-04-01,HA1:I48T,0.09895
2015-04-01,HA1:K131T,0.060149999999999995
2015-04-01,HA1:K142G,0.088
2015-04-01,HA1:K144D,0.4477
2015-04-01,HA1:K1Q,0.00315
2015-04-01,HA1:K208R,0.32494999999999996
2015-04-01,HA1:K278N,0.23405
2015-04-01,HA1:K50E,0.45785
2015-04-01,HA1:K62E,0.34885
2015-04-01,HA1:K8N,0.43410000000000004
2015-04-01,HA1:L157S,0.9078
2015-04-01,HA1:L221P,0.042
2015-04-01,HA1:L51I,0.8144
2015-04-01,HA1:M140I,0.42305000000000004
2015-04-01,HA1:N104D,0.6819999999999999
2015-04-01,HA1:N124S,0.0178
2015-04-01,HA1:N128T,0.032799999999999996
2015-04-01,HA1:N144D,0.27095
2015-04-01,HA1:N144K,1.0538500000000002
2015-04-01,HA1:N291D,0.55835
2015-04-01,HA1:N53D,0.21954999999999997
2015-04-01,HA1:P198S,0.0549
2015-04-01,HA1:Q197H,0.09005
2015-04-01,HA1:R142K,0.85425
2015-04-01,HA1:R144N,0.35575
2015-04-01,HA1:R197Q,0.26580000000000004
2015-04-01,HA1:R207K,0.14245000000000002
2015-04-01,HA1:R259K,0.1074
2015-04-01,HA1:R264K,0.11055
2015-04-01,HA1:R276K,0.8448
2015-04-01,HA1:R27K,0.1695
2015-04-01,HA1:R292K,0.1908
2015-04-01,HA1:R310K,0.1777
2015-04-01,HA1:R54S,0.07885
2015-04-01,HA1:R92K,0.1839
2015-04-01,HA1:S138A,0.026099999999999998
2015-04-01,HA1:S142R,0.0431
2015-04-01,HA1:S145N,0.5799
2015-04-01,HA1:S159F,0.7242
2015-04-01,HA1:S159Y,0.11174999999999999
2015-04-01,HA1:S163A,0.0756
2015-04-01,HA1:S193F,1.1773500000000001
2015-04-01,HA1:S198A,0.13195
2015-04-01,HA1:S198P,0.06135
2015-04-01,HA1:S199A,0.07450000000000001
2015-04-01,HA1:S212A,0.1655
2015-04-01,HA1:S312N,0.0401
2015-04-01,HA1:S78G,0.21005
2015-04-01,HA1:S9N,0.00025
2015-04-01,HA1:T128N,0.014
2015-04-01,HA1:T192I,0.4554
2015-04-01,HA1:T214I,0.06775
2015-04-01,HA1:T48A,0.19840000000000002
2015-04-01,HA1:V128A,0.0316
2015-04-01,HA1:V217I,0.16899999999999998
2015-04-01,HA1:V58I,0.44555
2015-04-01,HA1:Y122N,0.47045000000000003
2015-04-01,HA1:Y159F,0.72075
2015-04-01,HA1:Y159S,0.427
2015-04-01,HA1:Y87F,0.17154999999999998
2015-04-01,HA2:A158D,0.10214999999999999
2015-04-01,HA2:F29S,0.3864
2015-04-01,HA2:H172Q,0.0139
2015-04-01,HA2:I80L,0.02215
2015-04-01,HA2:K18V,0.2912
2015-04-01,HA2:M102L,0.56775
2015-04-01,HA2:M18V,0.1308
2015-04-01,HA2:N160D,0.28035
2015-04-01,HA2:R174K,0.36865000000000003
2015-04-01,HA2:R179K,0.12585000000000002
2015-04-01,HA2:S116N,0.0411
2015-04-01,HA2:S43A,0.02485
2015-04-01,HA2:T147A,0.2188
2015-04-01,HA2:V147A,0.29969999999999997
2015-04-01,HA2:V18K,0.7686
2015-04-01,HA2:V18M,0.027399999999999997
2015-04-01,HA2:V201A,0.2353
2015-04-01,HA2:V48I,0.7347999999999999
2015-04-01,HA2:V89I,0.263
2015-04-01,SigPep:C15F,0.13365
2015-04-01,SigPep:C9H,0.38305
2015-04-01,SigPep:H9Y,0.0581
2015-04-01,SigPep:R12C,0.0703
2015-04-01,SigPep:R2K,0.1247
2015-04-01,SigPep:T10I,0.0561
2015-04-01,SigPep:Y12C,0.20634999999999998
2015-10-01,HA1:A114S,0.626
2015-10-01,HA1:A199S,0.0219
2015-10-01,HA1:A280T,0.12160000000000001
2015-10-01,HA1:A30T,0.375
2015-10-01,HA1:D144K,1.37145
2015-10-01,HA1:D144N,0.22965
2015-10-01,HA1:D171N,0.3267
2015-10-01,HA1:D225N,0.8846499999999999
2015-10-01,HA1:D53N,0.0763
2015-10-01,HA1:D8N,0.59875
2015-10-01,HA1:E32D,0.45935000000000004
2015-10-01,HA1:E62K,0.08295
2015-10-01,HA1:F159S,0.0595
2015-10-01,HA1:G142K,0.6876
2015-10-01,HA1:G142R,0.13325
2015-10-01,HA1:G291D,0.6475500000000001
2015-10-01,HA1:G62E,0.4888
2015-10-01,HA1:H173Q,0.0076
2015-10-01,HA1:H197Q,0.1755
2015-10-01,HA1:H311Q,0.36729999999999996
2015-10-01,HA1:I140K,0.0087
2015-10-01,HA1:I160K,0.1943
2015-10-01,HA1:I160T,0.08885
2015-10-01,HA1:I223V,0.00545
2015-10-01,HA1:I230V,0.0064
2015-10-01,HA1:I297V,0.10395
2015-10-01,HA1:I48T,0.12155
2015-10-01,HA1:I88V,0.0442
2015-10-01,HA1:K144D,0.52515
2015-10-01,HA1:K1Q,0.0019
2015-10-01,HA1:K208R,0.19974999999999998
2015-10-01,HA1:K278N,0.22060000000000002
2015-10-01,HA1:K50E,0.4255
2015-10-01,HA1:K62E,0.43725
2015-10-01,HA1:K8N,0.43245
2015-10-01,HA1:L157S,1.3255
2015-10-01,HA1:L221P,0.0416
2015-10-01,HA1:M140I,0.39749999999999996
2015-10-01,HA1:M260I,0.0557
2015-10-01,HA1:N104D,0.6433
2015-10-01,HA1:N122D,0.2992
2015-10-01,HA1:N124S,0.0111
2015-10-01,HA1:N128T,0.0663
2015-10-01,HA1:N144D,0.30015000000000003
2015-10-01,HA1:N144K,1.1112
2015-10-01,HA1:N291D,0.5428999999999999
2015-10-01,HA1:N53D,0.22494999999999998
2015-10-01,HA1:P198S,0.0222
2015-10-01,HA1:Q197H,0.02385
2015-10-01,HA1:R142K,0.839
2015-10-01,HA1:R144N,0.27165
2015-10-01,HA1:R144S,0.41764999999999997
2015-10-01,HA1:R207K,0.16485
2015-10-01,HA1:R259K,0.12329999999999999
2015-10-01,HA1:R264K,0.06565
2015-10-01,HA1:R276K,0.80115
2015-10-01,HA1:R27K,0.2021
2015-10-01,HA1:R292K,0.10555
2015-10-01,HA1:R54S,0.0353
2015-10-01,HA1:R92K,0.14034999999999997
2015-10-01,HA1:S138A,0.1624
2015-10-01,HA1:S145N,0.58475
2015-10-01,HA1:S159F,0.60995
2015-10-01,HA1:S159Y,0.0453
2015-10-01,HA1:S163A,0.0915
2015-10-01,HA1:S193F,0.69675
2015-10-01,HA1:S198A,0.16394999999999998
2015-10-01,HA1:S198P,0.14095000000000002
2015-10-01,HA1:S199A,0.12125
2015-10-01,HA1:S212A,0.1397
2015-10-01,HA1:S31N,0.0337
2015-10-01,HA1:S9N,0.0788
2015-10-01,HA1:T114S,0.13945
2015-10-01,HA1:T128N,0.1023
2015-10-01,HA1:T192I,0.4163
2015-10-01,HA1:T214I,0.0842
2015-10-01,HA1:T48A,0.1771
2015-10-01,HA1:V128A,0.0119
2015-10-01,HA1:V217I,0.155
2015-10-01,HA1:V58I,0.3096
2015-10-01,HA1:Y122N,0.4583
2015-10-01,HA1:Y159F,0.6151500000000001
2015-10-01,HA1:Y159S,0.2814
2015-10-01,HA1:Y87F,0.14455
2015-10-01,HA2:E155G,0.035250000000000004
2015-10-01,HA2:E181G,0.0667
2015-10-01,HA2:F29S,0.27875
2015-10-01,HA2:I80L,0.03275
2015-10-01,HA2:K18V,0.28835
2015-10-01,HA2:M102L,0.56985
2015-10-01,HA2:M18V,0.12325
2015-10-01,HA2:N160D,0.28295000000000003
2015-10-01,HA2:R174K,0.37570000000000003
2015-10-01,HA2:R179K,0.16299999999999998
2015-10-01,HA2:S116N,0.050949999999999995
2015-10-01,HA2:S43A,0.012450000000000001
2015-10-01,HA2:T147A,0.1989
2015-10-01,HA2:V147A,0.26105
2015-10-01,HA2:V18M,0.042800000000000005
2015-10-01,HA2:V201A,0.25395
2015-10-01,HA2:V48I,0.64185
2015-10-01,HA2:V89I,0.26075
2015-10-01,SigPep:C15F,0.0829
2015-10-01,SigPep:C9H,0.41915
2015-10-01,SigPep:C9Y,0.06595000000000001
2015-10-01,SigPep:H9Y,0.13475
2015-10-01,SigPep:R12C,0.0002
2015-10-01,SigPep:R2K,0.112
2015-10-01,SigPep:S15F,0.05145
2015-10-01,SigPep:T10I,0.0777
2015-10-01,SigPep:Y12C,0.1843
2016-04-01,HA1:A114S,0.6023
2016-04-01,HA1:A128N,0.0002
2016-04-01,HA1:A280T,0.1214
2016-04-01,HA1:A30T,0.3566
2016-04-01,HA1:D144K,1.3441
2016-04-01,HA1:D144N,0.1756
2016-04-01,HA1:D171N,0.346
2016-04-01,HA1:D225N,0.7939
2016-04-01,HA1:D8N,0.5609
2016-04-01,HA1:E32D,0.543
2016-04-01,HA1:E62K,0.1045
2016-04-01,HA1:G142K,0.7989
2016-04-01,HA1:G142R,0.107
2016-04-01,HA1:G291D,0.5573
2016-04-01,HA1:G62E,0.4473
2016-04-01,HA1:H173Q,0.002
2016-04-01,HA1:H197Q,0.1279
2016-04-01,HA1:H311Q,0.3595
2016-04-01,HA1:H94Y,0.0517
2016-04-01,HA1:I140K,0.0545
2016-04-01,HA1:I160K,0.0132
2016-04-01,HA1:I297V,0.0795
2016-04-01,HA1:I48T,0.1157
2016-04-01,HA1:I88V,0.0339
2016-04-01,HA1:K144D,0.6046
2016-04-01,HA1:K208R,0.2164
2016-04-01,HA1:K278N,0.2178
2016-04-01,HA1:K50E,0.8946
2016-04-01,HA1:K62E,0.4587
2016-04-01,HA1:K8N,0.4426
2016-04-01,HA1:L157S,1.4768
2016-04-01,HA1:M140I,0.3907
2016-04-01,HA1:N104D,0.6033
2016-04-01,HA1:N122D,0.1244
2016-04-01,HA1:N128T,0.0119
2016-04-01,HA1:N144D,0.3598
2016-04-01,HA1:N144K,1.186
2016-04-01,HA1:N291D,0.553
2016-04-01,HA1:N53D,0.2328
2016-04-01,HA1:P198S,0.0603
2016-04-01,HA1:Q197H,0.1036
2016-04-01,HA1:Q197R,0.1819
2016-04-01,HA1:Q21P,0.1362
2016-04-01,HA1:R124S,0.1013
2016-04-01,HA1:R142K,0.9246
2016-04-01,HA1:R144N,0.3259
2016-04-01,HA1:R144S,0.4786
2016-04-01,HA1:R160K,0.0553
2016-04-01,HA1:R207K,0.2341
2016-04-01,HA1:R259K,0.0924
2016-04-01,HA1:R264K,0.0425
2016-04-01,HA1:R276K,0.7371
2016-04-01,HA1:R292K,0.0511
2016-04-01,HA1:R54S,0.0232
2016-04-01,HA1:R92K,0.2811
2016-04-01,HA1:S121N,0.3845
2016-04-01,HA1:S138A,0.1085
2016-04-01,HA1:S145N,0.6016
2016-04-01,HA1:S159F,0.868
2016-04-01,HA1:S163A,0.0204
2016-04-01,HA1:S193F,0.828
2016-04-01,HA1:S198A,0.1312
2016-04-01,HA1:S198P,0.2874
2016-04-01,HA1:S199A,0.1223
2016-04-01,HA1:S212A,0.1535
2016-04-01,HA1:S31N,0.049
2016-04-01,HA1:S9N,0.103
2016-04-01,HA1:T114S,0.1405
2016-04-01,HA1:T192I,0.383
2016-04-01,HA1:T214I,0.1817
2016-04-01,HA1:T48A,0.19
2016-04-01,HA1:V217I,0.1044
2016-04-01,HA1:V58I,0.3837
2016-04-01,HA1:V67I,0.6873
2016-04-01,HA1:Y122N,0.418
2016-04-01,HA1:Y159F,0.8003
2016-04-01,HA1:Y159S,0.3207
2016-04-01,HA1:Y56H,0.284
2016-04-01,HA1:Y87F,0.1476
2016-04-01,HA2:A113S,0.0003
2016-04-01,HA2:E155G,0.3367
2016-04-01,HA2:E181G,0.0754
2016-04-01,HA2:F29S,0.2868
2016-04-01,HA2:I80L,0.0372
2016-04-01,HA2:K18V,0.2968
2016-04-01,HA2:M102L,0.5485
2016-04-01,HA2:M18V,0.128
2016-04-01,HA2:N160D,0.2711
2016-04-01,HA2:R174K,0.3499
2016-04-01,HA2:R179K,0.1834
2016-04-01,HA2:S116N,0.0286
2016-04-01,HA2:S43A,0.0141
2016-04-01,HA2:T147A,0.2354
2016-04-01,HA2:V147A,0.4141
2016-04-01,HA2:V18K,0.053
2016-04-01,HA2:V18M,0.0624
2016-04-01,HA2:V201A,0.2691
2016-04-01,HA2:V48I,0.6659
2016-04-01,HA2:V89I,0.1317
2016-04-01,SigPep:C15F,0.0115
2016-04-01,SigPep:C9H,0.4576
2016-04-01,SigPep:C9Y,0.0787
2016-04-01,SigPep:H9Y,0.1384
2016-04-01,SigPep:T10I,0.0626
2016-04-01,SigPep:Y12C,0.1468
2016-10-01,HA1:A114S,0.5438
2016-10-01,HA1:A128N,0.0126
2016-10-01,HA1:A199S,0.0238
2016-10-01,HA1:A30T,0.2756
2016-10-01,HA1:D144K,1.3465
2016-10-01,HA1:D144N,0.1166
2016-10-01,HA1:D171N,0.2467
2016-10-01,HA1:D225N,0.8531
2016-10-01,HA1:D8N,0.5604
2016-10-01,HA1:E32D,0.5174
2016-10-01,HA1:E62K,0.0815
2016-10-01,HA1:E83K,0.2451
2016-10-01,HA1:F159S,0.0522
2016-10-01,HA1:F193S,0.2071
2016-10-01,HA1:G142K,0.8316
2016-10-01,HA1:G142R,0.1121
2016-10-01,HA1:G291D,0.4869
2016-10-01,HA1:G62E,0.3006
2016-10-01,HA1:H197Q,0.1066
2016-10-01,HA1:H311Q,0.6479
2016-10-01,HA1:H75Q,0.0657
2016-10-01,HA1:H94Y,0.0093
2016-10-01,HA1:I140K,0.0674
2016-10-01,HA1:I160K,0.0396
2016-10-01,HA1:I48T,0.1175
2016-10-01,HA1:I88V,0.0501
2016-10-01,HA1:K121N,0.1399
2016-10-01,HA1:K131T,0.1177
2016-10-01,HA1:K144D,0.5864
2016-10-01,HA1:K144S,0.2851
2016-10-01,HA1:K197Q,0.0445
2016-10-01,HA1:K278N,0.2008
2016-10-01,HA1:K50E,1.0006
2016-10-01,HA1:K62E,0.4967
2016-10-01,HA1:K8N,0.4498
2016-10-01,HA1:L157S,1.3176
2016-10-01,HA1:L221P,0.0051
2016-10-01,HA1:L268M,0.1672
2016-10-01,HA1:M140I,0.2744
2016-10-01,HA1:M260I,0.1972
2016-10-01,HA1:N104D,0.5898
2016-10-01,HA1:N122D,0.311
2016-10-01,HA1:N144D,0.4232
2016-10-01,HA1:N144K,1.2378
2016-10-01,HA1:N262S,0.0684
2016-10-01,HA1:N291D,0.5004
2016-10-01,HA1:N53D,0.22
2016-10-01,HA1:P198S,0.0003
2016-10-01,HA1:Q197H,0.1593
2016-10-01,HA1:Q197K,0.1441
2016-10-01,HA1:Q197R,0.1862
2016-10-01,HA1:Q21P,0.0528
2016-10-01,HA1:R124S,0.1022
2016-10-01,HA1:R142K,1.0077
2016-10-01,HA1:R144N,0.2804
2016-10-01,HA1:R144S,0.4125
2016-10-01,HA1:R160K,0.1001
2016-10-01,HA1:R207K,0.1707
2016-10-01,HA1:R222K,0.0631
2016-10-01,HA1:R259K,0.0192
2016-10-01,HA1:R264K,0.0426
2016-10-01,HA1:R276K,0.7078
2016-10-01,HA1:R292K,0.1768
2016-10-01,HA1:R54S,0.0624
2016-10-01,HA1:R5G,0.2989
2016-10-01,HA1:S121N,0.2958
2016-10-01,HA1:S138A,0.0723
2016-10-01,HA1:S145N,0.6012
2016-10-01,HA1:S159F,0.8502
2016-10-01,HA1:S186G,0.2042
2016-10-01,HA1:S193F,0.8253
2016-10-01,HA1:S198A,0.1154
2016-10-01,HA1:S198P,0.2208
2016-10-01,HA1:S199A,0.101
2016-10-01,HA1:S212A,0.1865
2016-10-01,HA1:S31N,0.0678
2016-10-01,HA1:S9N,0.113
2016-10-01,HA1:T114S,0.1253
2016-10-01,HA1:T192I,0.3162
2016-10-01,HA1:T214I,0.202
2016-10-01,HA1:T48A,0.1911
2016-10-01,HA1:V217I,0.0333
2016-10-01,HA1:V34I,0.1021
2016-10-01,HA1:V67I,0.7059
2016-10-01,HA1:Y159F,0.4847
2016-10-01,HA1:Y159S,0.1439
2016-10-01,HA1:Y56H,0.2844
2016-10-01,HA1:Y87F,0.1272
2016-10-01,HA2:A113S,0.0007
2016-10-01,HA2:E155G,0.0993
2016-10-01,HA2:E181G,0.096
2016-10-01,HA2:F29S,0.2623
2016-10-01,HA2:I80L,0.0539
2016-10-01,HA2:K18V,0.2366
2016-10-01,HA2:M102L,0.4409
2016-10-01,HA2:M18V,0.1049
2016-10-01,HA2:N160D,0.2669
2016-10-01,HA2:N164D,0.0204
2016-10-01,HA2:R174K,0.3338
2016-10-01,HA2:R179K,0.1859
2016-10-01,HA2:S116N,0.0724
2016-10-01,HA2:S195C,0.1426
2016-10-01,HA2:S43A,0.1532
2016-10-01,HA2:T147A,0.2724
2016-10-01,HA2:V147A,0.3021
2016-10-01,HA2:V18K,0.0646
2016-10-01,HA2:V18M,0.0704
2016-10-01,HA2:V201A,0.179
2016-10-01,HA2:V48I,0.5955
2016-10-01,HA2:V89I,0.0786
2016-10-01,SigPep:C15F,0.0048
2016-10-01,SigPep:C9H,0.4149
2016-10-01,SigPep:H9Y,0.1209
2016-10-01,SigPep:R12C,0.0027
2016-10-01,SigPep:S15F,0.155
2016-10-01,SigPep:T10I,0.083
2016-10-01,SigPep:V4I,0.5936
2016-10-01,SigPep:Y12C,0.1787
2017-04-01,HA1:A114S,0.6034
2017-04-01,HA1:A128N,0.01
2017-04-01,HA1:A135T,0.2469
2017-04-01,HA1:A30T,0.2775
2017-04-01,HA1:D144K,1.0337
2017-04-01,HA1:D144N,0.122
2017-04-01,HA1:D171N,0.171
2017-04-01,HA1:D225N,0.8387
2017-04-01,HA1:D8N,0.4697
2017-04-01,HA1:E32D,0.5446
2017-04-01,HA1:E53D,0.6404
2017-04-01,HA1:E5G,0.016
2017-04-01,HA1:E62K,0.0126
2017-04-01,HA1:E77D,0.0711
2017-04-01,HA1:E83K,0.2083
2017-04-01,HA1:F159S,0.0962
2017-04-01,HA1:F193S,1.006
2017-04-01,HA1:G142K,0.8856
2017-04-01,HA1:G142R,0.0939
2017-04-01,HA1:G208R,0.0347
2017-04-01,HA1:G62E,0.2241
2017-04-01,HA1:H197K,0.4125
2017-04-01,HA1:H197Q,0.0331
2017-04-01,HA1:H311Q,0.3267
2017-04-01,HA1:H75Q,0.3383
2017-04-01,HA1:I140K,0.0794
2017-04-01,HA1:I160K,0.0305
2017-04-01,HA1:I214V,0.1153
2017-04-01,HA1:I307R,0.5423
2017-04-01,HA1:I48T,0.0684
2017-04-01,HA1:I88V,0.0948
2017-04-01,HA1:K121N,0.0645
2017-04-01,HA1:K131T,0.1773
2017-04-01,HA1:K135T,0.0453
2017-04-01,HA1:K144N,0.1445
2017-04-01,HA1:K144S,0.3486
2017-04-01,HA1:K197Q,0.0091
2017-04-01,HA1:K1Q,0.1708
2017-04-01,HA1:K278N,0.2051
2017-04-01,HA1:K50E,1.2633
2017-04-01,HA1:K62E,0.5499
2017-04-01,HA1:K8N,0.4275
2017-04-01,HA1:L157S,1.3877
2017-04-01,HA1:L169P,1.4767
2017-04-01,HA1:L268M,0.0444
2017-04-01,HA1:M140I,0.249
2017-04-01,HA1:M260I,0.0785
2017-04-01,HA1:N104D,0.3504
2017-04-01,HA1:N122D,0.1997
2017-04-01,HA1:N144K,1.1095
2017-04-01,HA1:N264K,0.0172
2017-04-01,HA1:N291D,0.6605
2017-04-01,HA1:N2K,0.0001
2017-04-01,HA1:N45S,0.0935
2017-04-01,HA1:N53D,0.307
2017-04-01,HA1:N91S,0.0364
2017-04-01,HA1:P198S,0.0308
2017-04-01,HA1:Q197H,0.2863
2017-04-01,HA1:Q197K,0.0891
2017-04-01,HA1:Q197R,0.1883
2017-04-01,HA1:Q21P,0.0465
2017-04-01,HA1:R124S,0.1352
2017-04-01,HA1:R142K,1.0587
2017-04-01,HA1:R144N,0.2455
2017-04-01,HA1:R144S,0.1023
2017-04-01,HA1:R207K,0.1325
2017-04-01,HA1:R222K,0.5186
2017-04-01,HA1:R259K,0.024
2017-04-01,HA1:R276K,0.7081
2017-04-01,HA1:R278K,1.4384
2017-04-01,HA1:R292K,0.0646
2017-04-01,HA1:R2K,0.0092
2017-04-01,HA1:R326K,0.0834
2017-04-01,HA1:R54S,0.0863
2017-04-01,HA1:R5G,0.4455
2017-04-01,HA1:R82K,0.0187
2017-04-01,HA1:S121N,0.2205
2017-04-01,HA1:S138A,0.0657
2017-04-01,HA1:S144K,0.3463
2017-04-01,HA1:S145N,0.6108
2017-04-01,HA1:S159F,0.7967
2017-04-01,HA1:S186G,0.1154
2017-04-01,HA1:S193F,0.5933
2017-04-01,HA1:S198P,0.2131
2017-04-01,HA1:S212A,0.0847
2017-04-01,HA1:S9N,0.1308
2017-04-01,HA1:T114S,0.086
2017-04-01,HA1:T131K,1.2028
2017-04-01,HA1:T160I,0.7084
2017-04-01,HA1:T192I,0.0355
2017-04-01,HA1:T214I,0.1995
2017-04-01,HA1:T48A,0.3013
2017-04-01,HA1:V242I,0.0049
2017-04-01,HA1:V34I,0.2603
2017-04-01,HA1:V67I,0.829
2017-04-01,HA1:Y159F,0.7778
2017-04-01,HA1:Y159S,0.5335
2017-04-01,HA1:Y219S,0.0167
2017-04-01,HA1:Y53D,0.6661
2017-04-01,HA1:Y56H,0.3119
2017-04-01,HA1:Y87F,0.0025
2017-04-01,HA2:A113S,0.0519
2017-04-01,HA2:E155G,0.0238
2017-04-01,HA2:E181G,0.0998
2017-04-01,HA2:F200V,0.0001
2017-04-01,HA2:F29S,0.0805
2017-04-01,HA2:I80L,0.0003
2017-04-01,HA2:K18V,0.1718
2017-04-01,HA2:M102L,0.3676
2017-04-01,HA2:M161V,0.4159
2017-04-01,HA2:M18K,0.1967
2017-04-01,HA2:M18V,0.0301
2017-04-01,HA2:N160D,0.2541
2017-04-01,HA2:Q54R,0.0103
2017-04-01,HA2:R174K,0.0613
2017-04-01,HA2:R179K,0.0554
2017-04-01,HA2:S116N,0.279
2017-04-01,HA2:S43A,0.0657
2017-04-01,HA2:T147A,0.3565
2017-04-01,HA2:T193I,0.0026
2017-04-01,HA2:T43A,0.2665
2017-04-01,HA2:V147A,0.3249
2017-04-01,HA2:V18K,0.2046
2017-04-01,HA2:V18M,0.0719
2017-04-01,HA2:V201A,0.1008
2017-04-01,HA2:V48I,0.5707
2017-04-01,HA2:V89I,0.1279
2017-04-01,SigPep:A14V,0.0085
2017-04-01,SigPep:C15F,0.0221
2017-04-01,SigPep:C9H,0.4572
2017-04-01,SigPep:C9Y,0.1078
2017-04-01,SigPep:E2K,0.078
2017-04-01,SigPep:H9Y,0.1909
2017-04-01,SigPep:I3T,0.0002
2017-04-01,SigPep:M13L,0.1231
2017-04-01,SigPep:S15F,0.1801
2017-04-01,SigPep:T10I,0.0032
2017-04-01,SigPep:V4I,0.6353
2017-04-01,SigPep:Y12C,0.2198
2017-10-01,HA1:A135T,0.4035
2017-10-01,HA1:A160T,0.1274
2017-10-01,HA1:A198S,0.0711
2017-10-01,HA1:A30T,0.2863
2017-10-01,HA1:D144K,1.0774
2017-10-01,HA1:D144N,0.2436
2017-10-01,HA1:D225N,1.0462
2017-10-01,HA1:D49G,0.212
2017-10-01,HA1:D8N,0.3318
2017-10-01,HA1:E104D,0.4071
2017-10-01,HA1:E278K,1.819
2017-10-01,HA1:E32D,0.3525
2017-10-01,HA1:E53D,1.1822
2017-10-01,HA1:E5G,0.0004
2017-10-01,HA1:E62G,0.3407
2017-10-01,HA1:E77D,0.1115
2017-10-01,HA1:E83K,0.2266
2017-10-01,HA1:F159S,0.1195
2017-10-01,HA1:F193S,0.9365
2017-10-01,HA1:G142K,0.9939
2017-10-01,HA1:G142R,0.1224
2017-10-01,HA1:G208R,0.1136
2017-10-01,HA1:G62E,0.3876
2017-10-01,HA1:H197K,0.501
2017-10-01,HA1:H197Q,0.0698
2017-10-01,HA1:H311Q,0.0188
2017-10-01,HA1:H75Q,0.1346
2017-10-01,HA1:I140K,0.0705
2017-10-01,HA1:I213V,0.0096
2017-10-01,HA1:I214V,0.182
2017-10-01,HA1:I307R,0.5646
2017-10-01,HA1:I48T,0.0569
2017-10-01,HA1:I88V,0.264
2017-10-01,HA1:K121N,0.0581
2017-10-01,HA1:K131T,0.3171
2017-10-01,HA1:K135T,0.2338
2017-10-01,HA1:K142G,0.0712
2017-10-01,HA1:K144N,0.0683
2017-10-01,HA1:K144S,0.2937
2017-10-01,HA1:K197Q,0.0199
2017-10-01,HA1:K1Q,0.1723
2017-10-01,HA1:K278N,0.3051
2017-10-01,HA1:K50E,1.281
2017-10-01,HA1:K62E,0.6162
2017-10-01,HA1:K8N,0.4255
2017-10-01,HA1:L157S,1.3765
2017-10-01,HA1:L169P,0.3923
2017-10-01,HA1:L268M,0.0068
2017-10-01,HA1:M140I,0.2547
2017-10-01,HA1:M166V,0.5142
2017-10-01,HA1:N104D,0.4936
2017-10-01,HA1:N121K,0.0207
2017-10-01,HA1:N122D,0.1583
2017-10-01,HA1:N135K,0.4065
2017-10-01,HA1:N135T,0.1034
2017-10-01,HA1:N144K,0.9842
2017-10-01,HA1:N264K,0.1822
2017-10-01,HA1:N291D,0.6398
2017-10-01,HA1:N2K,0.0173
2017-10-01,HA1:N312S,0.0335
2017-10-01,HA1:N45S,0.0796
2017-10-01,HA1:N53D,0.3853
2017-10-01,HA1:N54S,0.0863
2017-10-01,HA1:N91S,0.1697
2017-10-01,HA1:P198S,0.0053
2017-10-01,HA1:Q197H,0.2863
2017-10-01,HA1:Q197K,0.0703
2017-10-01,HA1:Q197R,0.1596
2017-10-01,HA1:Q21P,0.058
2017-10-01,HA1:R124S,0.1054
2017-10-01,HA1:R142K,0.9899
2017-10-01,HA1:R144N,0.2055
2017-10-01,HA1:R144S,0.0617
2017-10-01,HA1:R207K,0.138
2017-10-01,HA1:R222K,0.6253
2017-10-01,HA1:R259K,0.0062
2017-10-01,HA1:R264K,0.0494
2017-10-01,HA1:R276K,0.7224
2017-10-01,HA1:R278K,1.274
2017-10-01,HA1:R292K,0.0605
2017-10-01,HA1:R2K,0.0233
2017-10-01,HA1:R326K,0.0914
2017-10-01,HA1:S121N,0.2157
2017-10-01,HA1:S144R,0.5313
2017-10-01,HA1:S145N,0.5854
2017-10-01,HA1:S159F,0.6313
2017-10-01,HA1:S159Y,0.0094
2017-10-01,HA1:S169P,1.6702
2017-10-01,HA1:S186G,0.1188
2017-10-01,HA1:S193F,0.6173
2017-10-01,HA1:S198P,0.2359
2017-10-01,HA1:S212A,0.0538
2017-10-01,HA1:S216N,0.1176
2017-10-01,HA1:S4P,0.0324
2017-10-01,HA1:S9N,0.1273
2017-10-01,HA1:T114S,0.0003
2017-10-01,HA1:T131K,0.0918
2017-10-01,HA1:T135K,0.3096
2017-10-01,HA1:T160I,1.0462
2017-10-01,HA1:T214I,0.3883
2017-10-01,HA1:T272A,0.0397
2017-10-01,HA1:T48A,0.2407
2017-10-01,HA1:V236I,0.1269
2017-10-01,HA1:V242I,0.018
2017-10-01,HA1:V29I,0.4815
2017-10-01,HA1:V34I,0.7361
2017-10-01,HA1:V58I,0.0477
2017-10-01,HA1:V67I,0.7921
2017-10-01,HA1:Y159F,0.868
2017-10-01,HA1:Y159S,0.8237
2017-10-01,HA1:Y53D,0.657
2017-10-01,HA1:Y56H,0.3141
2017-10-01,HA1:Y7D,1.1536
2017-10-01,HA1:Y87F,0.0207
2017-10-01,HA2:D218N,0.1667
2017-10-01,HA2:E181G,0.1464
2017-10-01,HA2:F29S,0.0666
2017-10-01,HA2:H182Y,0.1144
2017-10-01,HA2:I200V,0.0138
2017-10-01,HA2:K18V,0.0782
2017-10-01,HA2:L171F,0.5647
2017-10-01,HA2:M102L,0.1492
2017-10-01,HA2:M149I,0.685
2017-10-01,HA2:M161V,0.1979
2017-10-01,HA2:M18K,0.2936
2017-10-01,HA2:M18V,0.0207
2017-10-01,HA2:N160D,0.2538
2017-10-01,HA2:N164D,0.0158
2017-10-01,HA2:N46D,0.1253
2017-10-01,HA2:R174K,0.1702
2017-10-01,HA2:R179K,0.2995
2017-10-01,HA2:S116N,0.2376
2017-10-01,HA2:S195C,0.9887
2017-10-01,HA2:S43A,0.0535
2017-10-01,HA2:T147A,0.2933
2017-10-01,HA2:T193I,0.1892
2017-10-01,HA2:V147A,0.3352
2017-10-01,HA2:V18K,0.2798
2017-10-01,HA2:V18M,0.0559
2017-10-01,HA2:V201A,0.0795
2017-10-01,HA2:V48I,0.5873
2017-10-01,HA2:V89I,0.0154
2017-10-01,SigPep:A14V,0.1722
2017-10-01,SigPep:A16T,0.185
2017-10-01,SigPep:C15F,0.0345
2017-10-01,SigPep:C9H,0.4262
2017-10-01,SigPep:C9Y,0.0404
2017-10-01,SigPep:E2K,0.1024
2017-10-01,SigPep:H9Y,0.1053
2017-10-01,SigPep:S12C,0.1221
2017-10-01,SigPep:S15F,0.2176
2017-10-01,SigPep:V4I,0.7068
2017-10-01,SigPep:Y12C,0.2478
2018-04-01,HA1:A128N,0.0155
2018-04-01,HA1:A135T,0.3568
2018-04-01,HA1:A160K,0.065
2018-04-01,HA1:A160T,0.1918
2018-04-01,HA1:A198S,0.1035
2018-04-01,HA1:A30T,0.5064
2018-04-01,HA1:D144K,1.3906
2018-04-01,HA1:D144N,0.4226
2018-04-01,HA1:D171N,0.0566
2018-04-01,HA1:D225N,0.995
2018-04-01,HA1:D49G,0.2199
2018-04-01,HA1:D53N,0.3036
2018-04-01,HA1:D8N,0.2639
2018-04-01,HA1:E104D,0.6012
2018-04-01,HA1:E278K,1.748
2018-04-01,HA1:E53D,1.1738
2018-04-01,HA1:E62G,0.2431
2018-04-01,HA1:E77D,0.1161
2018-04-01,HA1:E82K,0.6115
2018-04-01,HA1:E83K,0.1996
2018-04-01,HA1:F159S,0.0853
2018-04-01,HA1:F193S,1.0323
2018-04-01,HA1:G142K,0.7544
2018-04-01,HA1:G142R,0.1148
2018-04-01,HA1:G54S,0.0048
2018-04-01,HA1:G62E,0.4266
2018-04-01,HA1:G78D,0.4883
2018-04-01,HA1:H197K,0.4465
2018-04-01,HA1:H197Q,0.0175
2018-04-01,HA1:H311Q,0.0382
2018-04-01,HA1:H75Q,0.2124
2018-04-01,HA1:I140K,0.0724
2018-04-01,HA1:I204V,0.4895
2018-04-01,HA1:I213V,0.1094
2018-04-01,HA1:I214V,0.1852
2018-04-01,HA1:I307R,0.5467
2018-04-01,HA1:I309V,0.1232
2018-04-01,HA1:I3L,0.0525
2018-04-01,HA1:I48T,0.1222
2018-04-01,HA1:I88V,0.3871
2018-04-01,HA1:K121N,0.0418
2018-04-01,HA1:K131T,0.2051
2018-04-01,HA1:K135T,0.2217
2018-04-01,HA1:K142G,0.0325
2018-04-01,HA1:K144N,0.0955
2018-04-01,HA1:K144S,0.2968
2018-04-01,HA1:K197Q,0.0117
2018-04-01,HA1:K1Q,0.1627
2018-04-01,HA1:K278N,0.4741
2018-04-01,HA1:K50E,1.2953
2018-04-01,HA1:K62E,0.6062
2018-04-01,HA1:K83R,0.0002
2018-04-01,HA1:K8N,0.439
2018-04-01,HA1:L157S,1.3871
2018-04-01,HA1:L169P,0.6838
2018-04-01,HA1:L242I,0.661
2018-04-01,HA1:L261R,0.0285
2018-04-01,HA1:L268M,0.0289
2018-04-01,HA1:M140I,0.189
2018-04-01,HA1:M166V,0.5583
2018-04-01,HA1:N104D,0.57
2018-04-01,HA1:N122D,0.1784
2018-04-01,HA1:N128T,0.0812
2018-04-01,HA1:N135K,0.9086
2018-04-01,HA1:N135T,0.4127
2018-04-01,HA1:N144K,0.755
2018-04-01,HA1:N264K,0.1834
2018-04-01,HA1:N291D,0.6314
2018-04-01,HA1:N2K,0.0095
2018-04-01,HA1:N312S,0.0246
2018-04-01,HA1:N45S,0.0846
2018-04-01,HA1:N53D,0.5518
2018-04-01,HA1:N54S,0.2621
2018-04-01,HA1:N91S,0.0765
2018-04-01,HA1:P21S,1.4015
2018-04-01,HA1:Q197H,0.2692
2018-04-01,HA1:Q197K,0.0737
2018-04-01,HA1:Q197R,0.2636
2018-04-01,HA1:Q21P,0.0726
2018-04-01,HA1:R142K,0.6749
2018-04-01,HA1:R144K,0.3263
2018-04-01,HA1:R144N,0.1325
2018-04-01,HA1:R144S,0.0189
2018-04-01,HA1:R189K,0.5377
2018-04-01,HA1:R207K,0.1271
2018-04-01,HA1:R222K,0.3612
2018-04-01,HA1:R240G,0.2149
2018-04-01,HA1:R259K,0.0069
2018-04-01,HA1:R261Q,0.0314
2018-04-01,HA1:R276K,1.4987
2018-04-01,HA1:R278K,1.2525
2018-04-01,HA1:R27K,0.0668
2018-04-01,HA1:R292K,0.082
2018-04-01,HA1:R2K,0.0143
2018-04-01,HA1:R326K,0.1167
2018-04-01,HA1:R54S,0.2769
2018-04-01,HA1:R91S,0.0565
2018-04-01,HA1:S121N,0.1952
2018-04-01,HA1:S124N,0.0007
2018-04-01,HA1:S126N,0.2707
2018-04-01,HA1:S144R,0.359
2018-04-01,HA1:S145N,0.4679
2018-04-01,HA1:S158N,0.0003
2018-04-01,HA1:S159F,0.6934
2018-04-01,HA1:S159Y,0.0099
2018-04-01,HA1:S169P,1.6527
2018-04-01,HA1:S186G,0.1135
2018-04-01,HA1:S193F,0.5967
2018-04-01,HA1:S198P,0.2686
2018-04-01,HA1:S212A,0.0006
2018-04-01,HA1:S216N,0.6803
2018-04-01,HA1:S21P,0.2336
2018-04-01,HA1:S248T,0.5057
2018-04-01,HA1:S9N,0.1344
2018-04-01,HA1:T114S,0.0052
2018-04-01,HA1:T131K,0.5814
2018-04-01,HA1:T135K,0.4338
2018-04-01,HA1:T160I,0.9665
2018-04-01,HA1:T160K,0.0547
2018-04-01,HA1:T214I,0.3595
2018-04-01,HA1:T92K,0.0001
2018-04-01,HA1:V236I,0.0922
2018-04-01,HA1:V242I,0.0419
2018-04-01,HA1:V252I,0.3794
2018-04-01,HA1:V29I,0.1371
2018-04-01,HA1:V34I,0.4213
2018-04-01,HA1:V58I,0.0838
2018-04-01,HA1:V67I,0.8353
2018-04-01,HA1:Y159F,0.7974
2018-04-01,HA1:Y159S,0.6538
2018-04-01,HA1:Y53D,0.671
2018-04-01,HA1:Y56H,0.3792
2018-04-01,HA1:Y7D,1.1972
2018-04-01,HA1:Y87F,0.0009
2018-04-01,HA2:D218N,0.2969
2018-04-01,HA2:E155G,0.0099
2018-04-01,HA2:F200V,0.0695
2018-04-01,HA2:F29S,0.026
2018-04-01,HA2:G164D,0.0566
2018-04-01,HA2:H182Y,0.0176
2018-04-01,HA2:K18V,0.1181
2018-04-01,HA2:L171F,0.5029
2018-04-01,HA2:M102L,0.0418
2018-04-01,HA2:M149I,0.0821
2018-04-01,HA2:M161V,0.2307
2018-04-01,HA2:M18K,0.2487
2018-04-01,HA2:M18V,0.0324
2018-04-01,HA2:M193I,0.0903
2018-04-01,HA2:N160D,0.2757
2018-04-01,HA2:N164D,0.0412
2018-04-01,HA2:N46D,0.0206
2018-04-01,HA2:R123K,0.0001
2018-04-01,HA2:R139K,0.3873
2018-04-01,HA2:R174K,0.1711
2018-04-01,HA2:R179K,0.3328
2018-04-01,HA2:S116N,0.1089
2018-04-01,HA2:S195C,1.1027
2018-04-01,HA2:S43A,0.0623
2018-04-01,HA2:T147A,0.3
2018-04-01,HA2:T193I,0.2353
2018-04-01,HA2:T43A,0.3709
2018-04-01,HA2:V147A,0.3576
2018-04-01,HA2:V18K,0.2059
2018-04-01,HA2:V18M,0.0002
2018-04-01,HA2:V201A,0.136
2018-04-01,HA2:V48I,0.6302
2018-04-01,HA2:V89I,0.0007
2018-04-01,SigPep:A14V,0.1409
2018-04-01,SigPep:A16T,0.0891
2018-04-01,SigPep:C15F,0.0419
2018-04-01,SigPep:C9H,0.4261
2018-04-01,SigPep:E2K,0.0021
2018-04-01,SigPep:H9Y,0.1008
2018-04-01,SigPep:N9Y,0.1269
2018-04-01,SigPep:S12C,0.1739
2018-04-01,SigPep:S15F,0.2303
2018-04-01,SigPep:S16A,0.0002
2018-04-01,SigPep:T16A,0.0158
2018-04-01,SigPep:T3I,0.0002
2018-04-01,SigPep:V4I,0.591
2018-04-01,SigPep:Y12C,0.2491
2018-10-01,HA1:A128N,0.0008
2018-10-01,HA1:A135T,0.2887
2018-10-01,HA1:A160K,0.0524
2018-10-01,HA1:A160T,0.1233
2018-10-01,HA1:A198S,0.123
2018-10-01,HA1:A30T,0.2939
2018-10-01,HA1:D225N,1.0071
2018-10-01,HA1:D49G,0.1819
2018-10-01,HA1:D53N,0.2261
2018-10-01,HA1:D78G,0.003
2018-10-01,HA1:E104D,0.6238
2018-10-01,HA1:E278K,1.7688
2018-10-01,HA1:E291D,0.0791
2018-10-01,HA1:E2K,0.025
2018-10-01,HA1:E53D,1.1035
2018-10-01,HA1:E62G,0.165
2018-10-01,HA1:E77D,0.2114
2018-10-01,HA1:E82K,0.5418
2018-10-01,HA1:E83K,0.6663
2018-10-01,HA1:F159S,0.0781
2018-10-01,HA1:F193S,1.2117
2018-10-01,HA1:G142K,0.7775
2018-10-01,HA1:G142R,0.114
2018-10-01,HA1:G62E,0.3869
2018-10-01,HA1:G78D,0.5356
2018-10-01,HA1:H197K,0.3733
2018-10-01,HA1:H311Q,0.0717
2018-10-01,HA1:H75Q,0.2766
2018-10-01,HA1:I140K,0.0732
2018-10-01,HA1:I160K,0.0345
2018-10-01,HA1:I204V,0.466
2018-10-01,HA1:I213V,0.1306
2018-10-01,HA1:I214V,0.1856
2018-10-01,HA1:I262S,0.5055
2018-10-01,HA1:I300V,0.3871
2018-10-01,HA1:I307R,0.6521
2018-10-01,HA1:I309V,0.1935
2018-10-01,HA1:I3L,0.2083
2018-10-01,HA1:I88V,0.3606
2018-10-01,HA1:K121N,0.0853
2018-10-01,HA1:K131T,0.1981
2018-10-01,HA1:K135T,0.2585
2018-10-01,HA1:K142G,0.037
2018-10-01,HA1:K144N,0.0719
2018-10-01,HA1:K144S,0.2722
2018-10-01,HA1:K197Q,0.0437
2018-10-01,HA1:K1Q,0.1453
2018-10-01,HA1:K278N,0.2551
2018-10-01,HA1:K50E,1.1054
2018-10-01,HA1:K62E,0.5942
2018-10-01,HA1:K62G,0.2908
2018-10-01,HA1:K8N,0.4595
2018-10-01,HA1:L140I,0.9157
2018-10-01,HA1:L157S,1.4634
2018-10-01,HA1:L169P,0.7374
2018-10-01,HA1:L242I,0.5698
2018-10-01,HA1:L261R,0.0364
2018-10-01,HA1:L268M,0.0363
2018-10-01,HA1:M140I,0.1681
2018-10-01,HA1:M166V,0.5666
2018-10-01,HA1:N104D,0.5775
2018-10-01,HA1:N122D,0.1676
2018-10-01,HA1:N128T,0.0948
2018-10-01,HA1:N135K,0.8537
2018-10-01,HA1:N135T,0.3738
2018-10-01,HA1:N144K,0.5258
2018-10-01,HA1:N264K,0.2016
2018-10-01,HA1:N291D,0.5794
2018-10-01,HA1:N2K,0.0038
2018-10-01,HA1:N312S,0.0113
2018-10-01,HA1:N45S,0.5533
2018-10-01,HA1:N53D,0.7616
2018-10-01,HA1:N54S,0.3349
2018-10-01,HA1:P21S,1.3072
2018-10-01,HA1:Q164L,0.0858
2018-10-01,HA1:Q197H,0.2588
2018-10-01,HA1:Q197K,0.0495
2018-10-01,HA1:Q197R,0.2586
2018-10-01,HA1:Q21P,0.0471
2018-10-01,HA1:R142K,0.7717
2018-10-01,HA1:R144K,0.1662
2018-10-01,HA1:R144N,0.0899
2018-10-01,HA1:R189K,0.5524
2018-10-01,HA1:R207K,0.0027
2018-10-01,HA1:R222K,0.2637
2018-10-01,HA1:R240G,0.235
2018-10-01,HA1:R259K,0.001
2018-10-01,HA1:R261Q,0.0751
2018-10-01,HA1:R264K,0.1599
2018-10-01,HA1:R276K,1.1897
2018-10-01,HA1:R278K,0.867
2018-10-01,HA1:R27K,0.302
2018-10-01,HA1:R326K,0.1253
2018-10-01,HA1:R48I,0.385
2018-10-01,HA1:R54S,0.2728
2018-10-01,HA1:R91S,0.2736
2018-10-01,HA1:S121N,0.1658
2018-10-01,HA1:S124N,0.0002
2018-10-01,HA1:S126N,0.2794
2018-10-01,HA1:S138A,0.0176
2018-10-01,HA1:S144R,0.3627
2018-10-01,HA1:S145N,0.3746
2018-10-01,HA1:S159F,0.6599
2018-10-01,HA1:S169P,1.2744
2018-10-01,HA1:S186G,0.0943
2018-10-01,HA1:S193F,0.6576
2018-10-01,HA1:S198P,0.2776
2018-10-01,HA1:S216N,0.8029
2018-10-01,HA1:S21P,0.371
2018-10-01,HA1:S248T,0.5142
2018-10-01,HA1:S9N,0.1514
2018-10-01,HA1:T122N,0.0936
2018-10-01,HA1:T131K,0.3882
2018-10-01,HA1:T135K,0.4385
2018-10-01,HA1:T135N,0.3241
2018-10-01,HA1:T160I,0.8395
2018-10-01,HA1:T160K,0.0925
2018-10-01,HA1:T214I,0.1927
2018-10-01,HA1:T25I,0.1663
2018-10-01,HA1:V236I,0.1005
2018-10-01,HA1:V242I,0.1042
2018-10-01,HA1:V252I,0.3982
2018-10-01,HA1:V29I,0.1141
2018-10-01,HA1:V34I,0.451
2018-10-01,HA1:V58I,0.1426
2018-10-01,HA1:V67I,0.8545
2018-10-01,HA1:Y159F,0.5576
2018-10-01,HA1:Y159S,0.4223
2018-10-01,HA1:Y53D,0.6787
2018-10-01,HA1:Y56H,0.2505
2018-10-01,HA1:Y7D,1.2767
2018-10-01,HA1:Y87F,0.0785
2018-10-01,HA2:D218N,0.1589
2018-10-01,HA2:E155G,0.0159
2018-10-01,HA2:F200V,0.0698
2018-10-01,HA2:F29S,0.103
2018-10-01,HA2:G164D,0.0947
2018-10-01,HA2:I149M,0.1285
2018-10-01,HA2:I98L,0.3884
2018-10-01,HA2:K18V,0.1246
2018-10-01,HA2:L171F,0.4862
2018-10-01,HA2:M149I,0.0512
2018-10-01,HA2:M161V,0.1854
2018-10-01,HA2:M18K,0.1693
2018-10-01,HA2:M193I,0.1001
2018-10-01,HA2:N160D,0.2603
2018-10-01,HA2:N164D,0.0708
2018-10-01,HA2:N46D,0.1284
2018-10-01,HA2:R123K,0.025
2018-10-01,HA2:R139K,0.2648
2018-10-01,HA2:R174K,0.1102
2018-10-01,HA2:R179K,0.2507
2018-10-01,HA2:S195C,1.1955
2018-10-01,HA2:S43A,0.0376
2018-10-01,HA2:T147A,0.0376
2018-10-01,HA2:T193I,0.3142
2018-10-01,HA2:T43A,0.6847
2018-10-01,HA2:V18K,0.1289
2018-10-01,HA2:V201A,0.1289
2018-10-01,HA2:V48I,0.6277
2018-10-01,HA2:V89I,0.0227
2018-10-01,SigPep:A14V,0.0892
2018-10-01,SigPep:A16T,0.1517
2018-10-01,SigPep:C15F,0.0254
2018-10-01,SigPep:C9H,0.409
2018-10-01,SigPep:H9Y,0.0759
2018-10-01,SigPep:N9Y,0.1583
2018-10-01,SigPep:S15F,0.2644
2018-10-01,SigPep:V4I,0.5475
2018-10-01,SigPep:Y12C,0.1016
2019-04-01,HA1:A135T,0.3509
2019-04-01,HA1:A160K,0.0772
2019-04-01,HA1:A160T,0.0308
2019-04-01,HA1:A212T,0.5973
2019-04-01,HA1:A30T,0.1349
2019-04-01,HA1:D225N,0.8867
2019-04-01,HA1:D49G,0.5732
2019-04-01,HA1:D53N,0.2951
2019-04-01,HA1:D78G,0.0378
2019-04-01,HA1:D8N,0.5439
2019-04-01,HA1:E104D,0.6346
2019-04-01,HA1:E278K,1.7257
2019-04-01,HA1:E291D,0.1914
2019-04-01,HA1:E53D,1.0338
2019-04-01,HA1:E62G,0.2338
2019-04-01,HA1:E7D,0.3127
2019-04-01,HA1:E82K,0.7363
2019-04-01,HA1:E83K,0.3649
2019-04-01,HA1:F159S,0.1754
2019-04-01,HA1:F159Y,0.011
2019-04-01,HA1:F193S,1.412
2019-04-01,HA1:G142K,1.0061
2019-04-01,HA1:G142R,0.134
2019-04-01,HA1:G62E,0.3135
2019-04-01,HA1:G78D,0.3835
2019-04-01,HA1:G7D,0.2874
2019-04-01,HA1:H197K,0.5108
2019-04-01,HA1:H311Q,0.0205
2019-04-01,HA1:H75Q,0.328
2019-04-01,HA1:I204V,0.1556
2019-04-01,HA1:I213V,0.1273
2019-04-01,HA1:I214V,0.1815
2019-04-01,HA1:I262S,0.5574
2019-04-01,HA1:I307R,0.8016
2019-04-01,HA1:I309V,0.2206
2019-04-01,HA1:I3L,0.1605
2019-04-01,HA1:I88V,0.3219
2019-04-01,HA1:K121N,0.0534
2019-04-01,HA1:K131T,0.1405
2019-04-01,HA1:K135T,0.2955
2019-04-01,HA1:K142G,0.0805
2019-04-01,HA1:K144N,0.2897
2019-04-01,HA1:K144S,0.2869
2019-04-01,HA1:K197Q,0.0178
2019-04-01,HA1:K1Q,0.0006
2019-04-01,HA1:K208R,0.2252
2019-04-01,HA1:K278N,0.0289
2019-04-01,HA1:K326R,0.035
2019-04-01,HA1:K50E,1.2166
2019-04-01,HA1:K62E,0.4135
2019-04-01,HA1:K62G,0.087
2019-04-01,HA1:L140I,0.9435
2019-04-01,HA1:L157S,1.5639
2019-04-01,HA1:L169P,0.6772
2019-04-01,HA1:L242I,0.5444
2019-04-01,HA1:L261R,0.0008
2019-04-01,HA1:L268M,0.0125
2019-04-01,HA1:M140I,0.1521
2019-04-01,HA1:M166V,0.5691
2019-04-01,HA1:M177L,0.1457
2019-04-01,HA1:M25I,0.0293
2019-04-01,HA1:N104D,0.5687
2019-04-01,HA1:N121K,0.0458
2019-04-01,HA1:N122D,0.1683
2019-04-01,HA1:N128T,0.0469
2019-04-01,HA1:N135K,0.8342
2019-04-01,HA1:N135T,0.3509
2019-04-01,HA1:N264K,0.1596
2019-04-01,HA1:N291D,0.6172
2019-04-01,HA1:N2K,0.1183
2019-04-01,HA1:N312S,0.0224
2019-04-01,HA1:N53D,0.6975
2019-04-01,HA1:N54S,0.3015
2019-04-01,HA1:N91S,0.0556
2019-04-01,HA1:P198S,0.0006
2019-04-01,HA1:P21S,1.3123
2019-04-01,HA1:Q164L,0.0424
2019-04-01,HA1:Q197H,0.239
2019-04-01,HA1:Q197K,0.1437
2019-04-01,HA1:Q197R,0.1806
2019-04-01,HA1:Q311H,0.0119
2019-04-01,HA1:Q33R,0.07
2019-04-01,HA1:R142K,0.9371
2019-04-01,HA1:R144K,0.1346
2019-04-01,HA1:R144N,0.2163
2019-04-01,HA1:R189K,0.6151
2019-04-01,HA1:R222K,0.3018
2019-04-01,HA1:R240G,0.2049
2019-04-01,HA1:R261Q,0.0219
2019-04-01,HA1:R264K,0.2658
2019-04-01,HA1:R276K,0.9739
2019-04-01,HA1:R278K,0.8687
2019-04-01,HA1:R27K,0.2636
2019-04-01,HA1:R292K,0.0724
2019-04-01,HA1:R326K,0.1265
2019-04-01,HA1:R48I,0.1818
2019-04-01,HA1:R91S,0.3154
2019-04-01,HA1:S121N,0.0929
2019-04-01,HA1:S124N,0.0683
2019-04-01,HA1:S126N,0.2447
2019-04-01,HA1:S144N,0.1111
2019-04-01,HA1:S144R,0.3594
2019-04-01,HA1:S145N,0.2742
2019-04-01,HA1:S159F,0.7617
2019-04-01,HA1:S169P,1.2911
2019-04-01,HA1:S193F,0.5391
2019-04-01,HA1:S198A,0.0301
2019-04-01,HA1:S198P,0.2067
2019-04-01,HA1:S216N,0.7706
2019-04-01,HA1:S219F,0.0783
2019-04-01,HA1:S21P,0.3051
2019-04-01,HA1:S248T,0.3949
2019-04-01,HA1:S9N,0.1594
2019-04-01,HA1:T114S,0.0126
2019-04-01,HA1:T122N,0.1437
2019-04-01,HA1:T128N,0.1773
2019-04-01,HA1:T131K,0.2749
2019-04-01,HA1:T135K,0.3846
2019-04-01,HA1:T135N,0.1922
2019-04-01,HA1:T160I,0.8176
2019-04-01,HA1:T160K,0.1344
2019-04-01,HA1:T214I,0.1334
2019-04-01,HA1:T25I,0.037
2019-04-01,HA1:T48I,0.1307
2019-04-01,HA1:T92K,0.1912
2019-04-01,HA1:V236I,0.0327
2019-04-01,HA1:V242I,0.1023
2019-04-01,HA1:V252I,0.3648
2019-04-01,HA1:V260I,0.1476
2019-04-01,HA1:V29I,0.07
2019-04-01,HA1:V34I,0.4172
2019-04-01,HA1:V58I,0.1234
2019-04-01,HA1:V67I,0.8552
2019-04-01,HA1:Y159F,0.4076
2019-04-01,HA1:Y159S,0.3335
2019-04-01,HA1:Y56H,0.1626
2019-04-01,HA2:A201V,0.1417
2019-04-01,HA2:D218N,0.1415
2019-04-01,HA2:E155G,0.0201
2019-04-01,HA2:F200V,0.0006
2019-04-01,HA2:F29S,0.0002
2019-04-01,HA2:G164D,0.12
2019-04-01,HA2:H182Y,0.0359
2019-04-01,HA2:I149M,0.2478
2019-04-01,HA2:I176V,0.0263
2019-04-01,HA2:K18V,0.1117
2019-04-01,HA2:L171F,0.2062
2019-04-01,HA2:L17M,0.0884
2019-04-01,HA2:L200V,0.1977
2019-04-01,HA2:M149I,0.1502
2019-04-01,HA2:M161V,0.1655
2019-04-01,HA2:M18K,0.288
2019-04-01,HA2:M193I,0.1272
2019-04-01,HA2:N160D,0.289
2019-04-01,HA2:N164D,0.0695
2019-04-01,HA2:N46D,0.4222
2019-04-01,HA2:R123K,0.0005
2019-04-01,HA2:R139K,0.2635
2019-04-01,HA2:R179K,0.2363
2019-04-01,HA2:S116N,0.0134
2019-04-01,HA2:S195C,1.3641
2019-04-01,HA2:S43A,0.122
2019-04-01,HA2:T147A,0.0791
2019-04-01,HA2:T193I,0.2619
2019-04-01,HA2:T206I,0.116
2019-04-01,HA2:T43A,0.4391
2019-04-01,HA2:V18K,0.1844
2019-04-01,HA2:V201A,0.0931
2019-04-01,SigPep:A14V,0.0849
2019-04-01,SigPep:A16T,0.2701
2019-04-01,SigPep:C9H,0.3385
2019-04-01,SigPep:E2K,0.0007
2019-04-01,SigPep:N9Y,0.1597
2019-04-01,SigPep:Q13L,0.4914
2019-04-01,SigPep:R12C,0.1475
2019-04-01,SigPep:S12C,0.0201
2019-04-01,SigPep:S15F,0.1583
2019-04-01,SigPep:S16A,0.0694
2019-04-01,SigPep:V4I,0.5825
2019-10-01,HA1:A135T,0.607
2019-10-01,HA1:A160K,0.0638
2019-10-01,HA1:A160T,0.0546
2019-10-01,HA1:A212T,0.5995
2019-10-01,HA1:A30T,0.0401
2019-10-01,HA1:D121K,0.1977
2019-10-01,HA1:D225N,0.8321
2019-10-01,HA1:D49G,0.561
2019-10-01,HA1:D53N,0.3274
2019-10-01,HA1:D78G,0.0584
2019-10-01,HA1:D8N,0.1462
2019-10-01,HA1:E104D,0.6598
2019-10-01,HA1:E142G,0.4359
2019-10-01,HA1:E278K,1.721
2019-10-01,HA1:E291D,0.2655
2019-10-01,HA1:E2K,0.096
2019-10-01,HA1:E53D,1.0066
2019-10-01,HA1:E62G,0.3643
2019-10-01,HA1:E7D,0.3935
2019-10-01,HA1:E82K,1.1166
2019-10-01,HA1:E83K,0.4985
2019-10-01,HA1:F159S,0.1723
2019-10-01,HA1:F193S,1.3322
2019-10-01,HA1:G142K,0.9597
2019-10-01,HA1:G142R,0.1331
2019-10-01,HA1:G291D,0.3562
2019-10-01,HA1:G62E,0.281
2019-10-01,HA1:G78D,0.3847
2019-10-01,HA1:G7D,0.2834
2019-10-01,HA1:H197K,0.5511
2019-10-01,HA1:H311Q,0.011
2019-10-01,HA1:H75Q,0.3692
2019-10-01,HA1:I160K,0.0058
2019-10-01,HA1:I204V,0.2011
2019-10-01,HA1:I213V,0.1429
2019-10-01,HA1:I214V,0.0699
2019-10-01,HA1:I262S,0.6848
2019-10-01,HA1:I268M,0.0771
2019-10-01,HA1:I307R,0.7952
2019-10-01,HA1:I309V,0.1961
2019-10-01,HA1:I3L,0.1908
2019-10-01,HA1:K121N,0.006
2019-10-01,HA1:K135T,0.3165
2019-10-01,HA1:K142G,0.1571
2019-10-01,HA1:K142R,0.0661
2019-10-01,HA1:K144N,0.3045
2019-10-01,HA1:K144S,0.29
2019-10-01,HA1:K1Q,0.0188
2019-10-01,HA1:K208R,0.2661
2019-10-01,HA1:K326R,0.0374
2019-10-01,HA1:K50E,1.2837
2019-10-01,HA1:K62E,0.3835
2019-10-01,HA1:K62G,0.1721
2019-10-01,HA1:L140I,0.9594
2019-10-01,HA1:L157S,1.5507
2019-10-01,HA1:L169P,0.6862
2019-10-01,HA1:L242I,0.5448
2019-10-01,HA1:L268M,0.0139
2019-10-01,HA1:M140I,0.1685
2019-10-01,HA1:M166V,0.5681
2019-10-01,HA1:M177L,0.2343
2019-10-01,HA1:M25I,0.0378
2019-10-01,HA1:N104D,0.5837
2019-10-01,HA1:N121K,0.1145
2019-10-01,HA1:N122D,0.1613
2019-10-01,HA1:N128T,0.0747
2019-10-01,HA1:N135K,0.7966
2019-10-01,HA1:N135T,0.3642
2019-10-01,HA1:N264K,0.1904
2019-10-01,HA1:N291D,0.6239
2019-10-01,HA1:N2K,0.1139
2019-10-01,HA1:N312S,0.0143
2019-10-01,HA1:N53D,0.6793
2019-10-01,HA1:N54S,0.5721
2019-10-01,HA1:N91S,0.0223
2019-10-01,HA1:P21S,1.2492
2019-10-01,HA1:Q156H,0.0983
2019-10-01,HA1:Q164L,0.0221
2019-10-01,HA1:Q197H,0.232
2019-10-01,HA1:Q197K,0.1832
2019-10-01,HA1:Q197R,0.1949
2019-10-01,HA1:Q311H,0.0081
2019-10-01,HA1:Q33R,0.003
2019-10-01,HA1:R142K,0.8935
2019-10-01,HA1:R144K,0.1111
2019-10-01,HA1:R144N,0.2113
2019-10-01,HA1:R189K,0.6482
2019-10-01,HA1:R222K,0.3405
2019-10-01,HA1:R240G,0.2458
2019-10-01,HA1:R264K,0.207
2019-10-01,HA1:R276K,1.0036
2019-10-01,HA1:R278K,0.8547
2019-10-01,HA1:R27K,0.2518
2019-10-01,HA1:R292K,0.0128
2019-10-01,HA1:R326K,0.1338
2019-10-01,HA1:R48I,0.2135
2019-10-01,HA1:R91S,0.3592
2019-10-01,HA1:S121N,0.1001
2019-10-01,HA1:S126N,0.264
2019-10-01,HA1:S144N,0.1063
2019-10-01,HA1:S144R,0.367
2019-10-01,HA1:S145N,0.3078
2019-10-01,HA1:S159F,0.9471
2019-10-01,HA1:S169P,0.8841
2019-10-01,HA1:S193F,0.5119
2019-10-01,HA1:S198A,0.0583
2019-10-01,HA1:S198P,0.1932
2019-10-01,HA1:S216N,0.7797
2019-10-01,HA1:S219F,0.1209
2019-10-01,HA1:S21P,0.3022
2019-10-01,HA1:S248T,0.3818
2019-10-01,HA1:S9N,0.1702
2019-10-01,HA1:T114S,0.0204
2019-10-01,HA1:T122N,0.1508
2019-10-01,HA1:T128N,0.19
2019-10-01,HA1:T131K,0.3876
2019-10-01,HA1:T135K,0.2943
2019-10-01,HA1:T135N,0.0929
2019-10-01,HA1:T160I,0.8911
2019-10-01,HA1:T160K,0.1652
2019-10-01,HA1:T214I,0.1117
2019-10-01,HA1:T48I,0.2741
2019-10-01,HA1:V242I,0.1325
2019-10-01,HA1:V252I,0.3755
2019-10-01,HA1:V260I,0.2042
2019-10-01,HA1:V29I,0.0466
2019-10-01,HA1:V34I,0.4591
2019-10-01,HA1:V58I,0.1519
2019-10-01,HA1:V67I,0.8141
2019-10-01,HA1:Y159F,0.6079
2019-10-01,HA1:Y159S,0.3892
2019-10-01,HA1:Y56H,0.1164
2019-10-01,HA2:A201V,0.1088
2019-10-01,HA2:D218N,0.1169
2019-10-01,HA2:E155G,0.0082
2019-10-01,HA2:F200V,0.0089
2019-10-01,HA2:G164D,0.1232
2019-10-01,HA2:H182Y,0.1729
2019-10-01,HA2:I149M,0.3739
2019-10-01,HA2:I176V,0.0183
2019-10-01,HA2:K18V,0.1715
2019-10-01,HA2:L171F,0.2131
2019-10-01,HA2:L17M,0.0716
2019-10-01,HA2:L200V,0.2576
2019-10-01,HA2:M149I,0.1101
2019-10-01,HA2:M161V,0.1566
2019-10-01,HA2:M18K,0.2232
2019-10-01,HA2:M193I,0.1469
2019-10-01,HA2:N160D,0.1933
2019-10-01,HA2:N164D,0.1983
2019-10-01,HA2:N46D,0.4261
2019-10-01,HA2:N79D,0.0165
2019-10-01,HA2:R123K,0.0199
2019-10-01,HA2:R139K,0.279
2019-10-01,HA2:R179K,0.2274
2019-10-01,HA2:S195C,1.3672
2019-10-01,HA2:S43A,0.0069
2019-10-01,HA2:T147A,0.1031
2019-10-01,HA2:T193I,0.2719
2019-10-01,HA2:T206I,0.1275
2019-10-01,HA2:T43A,0.4604
2019-10-01,HA2:V18K,0.1062
2019-10-01,HA2:V201A,0.0907
2019-10-01,HA2:V77I,0.0078
2019-10-01,SigPep:A14V,0.1201
2019-10-01,SigPep:A16T,0.2671
2019-10-01,SigPep:C15F,0.0342
2019-10-01,SigPep:C9H,0.399
2019-10-01,SigPep:E2K,0.0011
2019-10-01,SigPep:N9Y,0.1648
2019-10-01,SigPep:Q13L,0.5244
2019-10-01,SigPep:S12C,0.1292
2019-10-01,SigPep:S15F,0.1407
2019-10-01,SigPep:S16A,0.1421
2019-10-01,SigPep:V4I,0.5658
2019-10-01,SigPep:Y12C,0.0839
